Source,Target,Type,Weight
강태호_Dir_1,강동현_Act_1,Undirected,1
강태호_Dir_1,강인성_Act_1,Undirected,1
강태호_Dir_1,고원석_Act_1,Undirected,1
강태호_Dir_1,고훈_Act_1,Undirected,1
강태호_Dir_1,김 환_Act_1,Undirected,2
강태호_Dir_1,김동형_Act_1,Undirected,2
강태호_Dir_1,김림후_Act_1,Undirected,1
강태호_Dir_1,김민_Act_1,Undirected,1
강태호_Dir_1,김병철_Act_1,Undirected,1
강태호_Dir_1,김성우_Act_1,Undirected,1
강태호_Dir_1,김영일_Act_1,Undirected,1
강태호_Dir_1,김은동_Act_1,Undirected,1
강태호_Dir_1,김정기_Act_1,Undirected,1
강태호_Dir_1,김종태_Act_1,Undirected,1
강태호_Dir_1,김충만_Act_1,Undirected,1
강태호_Dir_1,나호원_Act_1,Undirected,1
강태호_Dir_1,남동현_Act_1,Undirected,1
강태호_Dir_1,노재훈_Act_1,Undirected,1
강태호_Dir_1,노희국_Act_1,Undirected,1
강태호_Dir_1,문형철_Act_1,Undirected,1
강태호_Dir_1,미석_Act_1,Undirected,2
강태호_Dir_1,박상효_Act_1,Undirected,1
강태호_Dir_1,박수찬_Act_1,Undirected,1
강태호_Dir_1,박영덕_Act_1,Undirected,1
강태호_Dir_1,박주빈_Act_1,Undirected,1
강태호_Dir_1,박지산_Act_1,Undirected,1
강태호_Dir_1,박지수_Act_1,Undirected,1
강태호_Dir_1,박진수_Act_1,Undirected,1
강태호_Dir_1,방병현_Act_1,Undirected,1
강태호_Dir_1,배준수_Act_1,Undirected,2
강태호_Dir_1,서갑숙_Act_1,Undirected,1
강태호_Dir_1,선종구_Act_1,Undirected,1
강태호_Dir_1,설재근_Act_1,Undirected,1
강태호_Dir_1,성낙경_Act_1,Undirected,1
강태호_Dir_1,손소영_Act_1,Undirected,1
강태호_Dir_1,신유람_Act_1,Undirected,1
강태호_Dir_1,심재원_Act_1,Undirected,1
강태호_Dir_1,안현순_Act_1,Undirected,1
강태호_Dir_1,양지호_Act_1,Undirected,2
강태호_Dir_1,오현승_Act_1,Undirected,1
강태호_Dir_1,유상훈_Act_1,Undirected,1
강태호_Dir_1,윤승우_Act_1,Undirected,1
강태호_Dir_1,윤현승_Act_1,Undirected,1
강태호_Dir_1,이규탁_Act_1,Undirected,2
강태호_Dir_1,이루겸_Act_1,Undirected,1
강태호_Dir_1,이연빈_Act_1,Undirected,1
강태호_Dir_1,이예찬_Act_1,Undirected,1
강태호_Dir_1,이원욱_Act_1,Undirected,1
강태호_Dir_1,이유린_Act_1,Undirected,1
강태호_Dir_1,이창식_Act_1,Undirected,1
강태호_Dir_1,이창욱_Act_1,Undirected,1
강태호_Dir_1,이충훈_Act_1,Undirected,1
강태호_Dir_1,이풍운_Act_1,Undirected,1
강태호_Dir_1,이현웅_Act_1,Undirected,1
강태호_Dir_1,장우용_Act_1,Undirected,1
강태호_Dir_1,장혁준_Act_1,Undirected,1
강태호_Dir_1,전수향_Act_1,Undirected,1
강태호_Dir_1,전시우_Act_1,Undirected,1
강태호_Dir_1,정교_Act_1,Undirected,1
강태호_Dir_1,정규석_Act_1,Undirected,1
강태호_Dir_1,정순욱_Act_1,Undirected,1
강태호_Dir_1,정영민_Act_1,Undirected,1
강태호_Dir_1,정윤철_Act_1,Undirected,1
강태호_Dir_1,정제우_Act_1,Undirected,1
강태호_Dir_1,정형기_Act_1,Undirected,1
강태호_Dir_1,조남융_Act_1,Undirected,1
강태호_Dir_1,조동희_Act_1,Undirected,1
강태호_Dir_1,조명행_Act_1,Undirected,2
강태호_Dir_1,주광현_Act_1,Undirected,1
강태호_Dir_1,최성식_Act_1,Undirected,1
강태호_Dir_1,최홍락_Act_1,Undirected,2
강태호_Dir_1,한동국_Act_1,Undirected,1
강태호_Dir_1,한상경_Act_1,Undirected,1
강태호_Dir_1,함진성_Act_1,Undirected,2
강태호_Dir_1,황사무엘_Act_1,Undirected,1
강태호_Dir_1,황유이_Act_1,Undirected,1
강태호_Dir_1,황준수_Act_1,Undirected,1
구상범_Dir_1,공서연_Act_1,Undirected,1
구상범_Dir_1,권오숙_Act_1,Undirected,1
구상범_Dir_1,김남진_Act_1,Undirected,1
구상범_Dir_1,김승민_Act_1,Undirected,1
구상범_Dir_1,김시원_Act_1,Undirected,1
구상범_Dir_1,김영_Act_1,Undirected,1
구상범_Dir_1,노경덕_Act_1,Undirected,1
구상범_Dir_1,박노경_Act_1,Undirected,1
구상범_Dir_1,백서빈_Act_1,Undirected,1
구상범_Dir_1,서지영_Act_1,Undirected,1
구상범_Dir_1,신승용_Act_1,Undirected,1
구상범_Dir_1,신연서_Act_1,Undirected,1
구상범_Dir_1,신현숙_Act_1,Undirected,1
구상범_Dir_1,양진서_Act_1,Undirected,1
구상범_Dir_1,유신_Act_1,Undirected,1
구상범_Dir_1,이문빈_Act_1,Undirected,1
구상범_Dir_1,이상희_Act_1,Undirected,1
구상범_Dir_1,이효제_Act_1,Undirected,1
구상범_Dir_1,전정일_Act_1,Undirected,1
구상범_Dir_1,정지훈_Act_1,Undirected,1
구상범_Dir_1,지웅배_Act_1,Undirected,1
구상범_Dir_1,최용욱_Act_1,Undirected,1
구상범_Dir_1,최훈재_Act_1,Undirected,1
구상범_Dir_1,홍승일_Act_1,Undirected,1
구상범_Dir_1,황대웅_Act_1,Undirected,1
권하_Dir_1,기주봉_Act_1,Undirected,1
권하_Dir_1,김다솔_Act_1,Undirected,1
권하_Dir_1,박진섭_Act_1,Undirected,1
권하_Dir_1,송길호_Act_1,Undirected,2
권하_Dir_1,신현규_Act_1,Undirected,2
권하_Dir_1,전은정_Act_1,Undirected,1
권하_Dir_1,정회근_Act_1,Undirected,1
권하_Dir_1,현리원_Act_1,Undirected,1
김문옥_Dir_1,김국현_Act_1,Undirected,1
김문옥_Dir_1,김류경_Act_1,Undirected,3
김문옥_Dir_1,김미승_Act_1,Undirected,1
김문옥_Dir_1,김지니_Act_1,Undirected,1
김문옥_Dir_1,나윤서_Act_1,Undirected,1
김문옥_Dir_1,박노철_Act_1,Undirected,2
김문옥_Dir_1,박보근_Act_1,Undirected,1
김문옥_Dir_1,박태현_Act_1,Undirected,4
김문옥_Dir_1,박효근_Act_1,Undirected,4
김문옥_Dir_1,박흥열_Act_1,Undirected,2
김문옥_Dir_1,신원중_Act_1,Undirected,1
김문옥_Dir_1,유지은_Act_1,Undirected,1
김문옥_Dir_1,임미소_Act_1,Undirected,1
김문옥_Dir_1,임연비_Act_1,Undirected,1
김문옥_Dir_1,장영희_Act_1,Undirected,3
김문옥_Dir_1,정양직_Act_1,Undirected,1
김문옥_Dir_1,정인철_Act_1,Undirected,3
김문옥_Dir_1,천택근_Act_1,Undirected,3
김문옥_Dir_1,최다형_Act_1,Undirected,3
김문옥_Dir_1,최영일_Act_1,Undirected,1
김문옥_Dir_1,한미래_Act_1,Undirected,3
김문옥_Dir_1,호령_Act_1,Undirected,1
김성수_Dir_1,공재민_Act_1,Undirected,1
김성수_Dir_1,곽자형_Act_1,Undirected,1
김성수_Dir_1,곽진석_Act_1,Undirected,1
김성수_Dir_1,구민혁_Act_1,Undirected,1
김성수_Dir_1,권혁_Act_1,Undirected,1
김성수_Dir_1,김기무_Act_1,Undirected,1
김성수_Dir_1,김기영_Act_1,Undirected,1
김성수_Dir_1,김대훈_Act_1,Undirected,1
김성수_Dir_1,김동휘_Act_1,Undirected,1
김성수_Dir_1,김려은_Act_1,Undirected,1
김성수_Dir_1,김병구_Act_1,Undirected,1
김성수_Dir_1,김성균_Act_1,Undirected,1
김성수_Dir_1,김성오_Act_1,Undirected,1
김성수_Dir_1,김성진_Act_1,Undirected,1
김성수_Dir_1,김영민_Act_1,Undirected,1
김성수_Dir_1,김옥주_Act_1,Undirected,1
김성수_Dir_1,김의성_Act_1,Undirected,1
김성수_Dir_1,김정진_Act_1,Undirected,1
김성수_Dir_1,김종호_Act_1,Undirected,1
김성수_Dir_1,김지원_Act_1,Undirected,1
김성수_Dir_1,김혜정_Act_1,Undirected,1
김성수_Dir_1,나호숙_Act_1,Undirected,1
김성수_Dir_1,남윤호_Act_1,Undirected,1
김성수_Dir_1,문성복_Act_1,Undirected,1
김성수_Dir_1,박민이_Act_1,Undirected,1
김성수_Dir_1,박원상_Act_1,Undirected,1
김성수_Dir_1,박정표_Act_1,Undirected,1
김성수_Dir_1,박정학_Act_1,Undirected,1
김성수_Dir_1,박태현_Act_1,Undirected,1
김성수_Dir_1,박해준_Act_1,Undirected,1
김성수_Dir_1,박훈_Act_1,Undirected,1
김성수_Dir_1,배혜성_Act_1,Undirected,1
김성수_Dir_1,서광재_Act_1,Undirected,1
김성수_Dir_1,서진원_Act_1,Undirected,1
김성수_Dir_1,손병욱_Act_1,Undirected,1
김성수_Dir_1,송건희_Act_1,Undirected,1
김성수_Dir_1,송영근_Act_1,Undirected,1
김성수_Dir_1,심가영_Act_1,Undirected,1
김성수_Dir_1,안내상_Act_1,Undirected,1
김성수_Dir_1,안세호_Act_1,Undirected,1
김성수_Dir_1,안효준_Act_1,Undirected,1
김성수_Dir_1,양상운_Act_1,Undirected,1
김성수_Dir_1,양시현_Act_1,Undirected,1
김성수_Dir_1,양영문_Act_1,Undirected,1
김성수_Dir_1,염동헌_Act_1,Undirected,1
김성수_Dir_1,우미화_Act_1,Undirected,1
김성수_Dir_1,우아름_Act_1,Undirected,1
김성수_Dir_1,유성주_Act_1,Undirected,1
김성수_Dir_1,윤유선_Act_1,Undirected,1
김성수_Dir_1,윤준호_Act_1,Undirected,1
김성수_Dir_1,윤호림_Act_1,Undirected,1
김성수_Dir_1,이귀우_Act_1,Undirected,1
김성수_Dir_1,이미라_Act_1,Undirected,1
김성수_Dir_1,이성민_Act_1,Undirected,1
김성수_Dir_1,이슬기_Act_1,Undirected,1
김성수_Dir_1,이승희_Act_1,Undirected,1
김성수_Dir_1,이재윤_Act_1,Undirected,1
김성수_Dir_1,이준혁_Act_1,Undirected,1
김성수_Dir_1,이하민_Act_1,Undirected,1
김성수_Dir_1,이형동_Act_1,Undirected,1
김성수_Dir_1,임철형_Act_1,Undirected,1
김성수_Dir_1,장현동_Act_1,Undirected,1
김성수_Dir_1,전상원_Act_1,Undirected,1
김성수_Dir_1,전수지_Act_1,Undirected,1
김성수_Dir_1,전운종_Act_1,Undirected,1
김성수_Dir_1,전진기_Act_1,Undirected,1
김성수_Dir_1,정동환_Act_1,Undirected,1
김성수_Dir_1,정만식_Act_1,Undirected,1
김성수_Dir_1,정우성_Act_1,Undirected,1
김성수_Dir_1,정해균_Act_1,Undirected,1
김성수_Dir_1,정해인_Act_1,Undirected,1
김성수_Dir_1,정형석_Act_1,Undirected,1
김성수_Dir_1,조윤상_Act_1,Undirected,1
김성수_Dir_1,진대연_Act_1,Undirected,1
김성수_Dir_1,진영_Act_1,Undirected,1
김성수_Dir_1,차건우_Act_1,Undirected,1
김성수_Dir_1,차래형_Act_1,Undirected,1
김성수_Dir_1,최기동_Act_1,Undirected,1
김성수_Dir_1,최병모_Act_1,Undirected,1
김성수_Dir_1,최원경_Act_1,Undirected,1
김성수_Dir_1,추은경_Act_1,Undirected,1
김성수_Dir_1,하헌진_Act_1,Undirected,1
김성수_Dir_1,하회정_Act_1,Undirected,1
김성수_Dir_1,한규원_Act_1,Undirected,1
김성수_Dir_1,한창현_Act_1,Undirected,1
김성수_Dir_1,허동원_Act_1,Undirected,1
김성수_Dir_1,현봉식_Act_1,Undirected,1
김성수_Dir_1,홍서준_Act_1,Undirected,1
김성수_Dir_1,홍승현_Act_1,Undirected,1
김성수_Dir_1,황인성_Act_1,Undirected,1
김성수_Dir_1,황정민_Act_1,Undirected,1
김성환_Dir_1,고은영_Act_1,Undirected,1
김성환_Dir_1,김용석_Act_1,Undirected,1
김성환_Dir_1,김지희_Act_1,Undirected,1
김성환_Dir_1,김채원_Act_1,Undirected,1
김성환_Dir_1,나현준_Act_1,Undirected,2
김성환_Dir_1,문진승_Act_1,Undirected,1
김성환_Dir_1,박성균_Act_1,Undirected,1
김성환_Dir_1,박지아_Act_1,Undirected,1
김성환_Dir_1,손미희_Act_1,Undirected,1
김성환_Dir_1,손성수_Act_1,Undirected,1
김성환_Dir_1,심유승_Act_1,Undirected,1
김성환_Dir_1,안치욱_Act_1,Undirected,1
김성환_Dir_1,양흥주_Act_1,Undirected,1
김성환_Dir_1,오자훈_Act_1,Undirected,1
김성환_Dir_1,원동은_Act_1,Undirected,1
김성환_Dir_1,윤상일_Act_1,Undirected,1
김성환_Dir_1,이주연_Act_1,Undirected,1
김성환_Dir_1,이준용_Act_1,Undirected,1
김성환_Dir_1,이태훈_Act_1,Undirected,1
김성환_Dir_1,장준휘_Act_1,Undirected,1
김성환_Dir_1,장희용_Act_1,Undirected,1
김성환_Dir_1,전은주_Act_1,Undirected,1
김성환_Dir_1,전진기_Act_1,Undirected,1
김성환_Dir_1,정서인_Act_1,Undirected,1
김성환_Dir_1,조유신_Act_1,Undirected,1
김성환_Dir_1,주종혁_Act_1,Undirected,1
김성환_Dir_1,최민철_Act_1,Undirected,1
김성환_Dir_1,최선중_Act_1,Undirected,1
김성환_Dir_1,최웅희_Act_1,Undirected,1
김성환_Dir_1,최현정_Act_1,Undirected,1
김성환_Dir_1,한솔미_Act_1,Undirected,1
김성환_Dir_1,홍민수_Act_1,Undirected,1
김성환_Dir_1,홍예지_Act_1,Undirected,1
김성환_Dir_1,홍택근_Act_1,Undirected,1
김성환_Dir_1,황혜란_Act_1,Undirected,1
김수인_Dir_1,강안나_Act_1,Undirected,1
김수인_Dir_1,고서희_Act_1,Undirected,1
김수인_Dir_1,김태준_Act_1,Undirected,1
김수인_Dir_1,박상남_Act_1,Undirected,1
김수인_Dir_1,배유람_Act_1,Undirected,1
김수인_Dir_1,신소율_Act_1,Undirected,1
김수인_Dir_1,안소희_Act_1,Undirected,1
김수인_Dir_1,오태경_Act_1,Undirected,2
김수인_Dir_1,윤준원_Act_1,Undirected,2
김수인_Dir_1,장서희_Act_1,Undirected,1
김수인_Dir_1,장준휘_Act_1,Undirected,1
김수인_Dir_1,정인기_Act_1,Undirected,1
김수인_Dir_1,조은유_Act_1,Undirected,1
김수인_Dir_1,조형균_Act_1,Undirected,1
김수인_Dir_1,최소윤_Act_1,Undirected,1
김수인_Dir_1,타쿠야_Act_1,Undirected,1
김수정_Dir_1,경수빈_Act_1,Undirected,1
김수정_Dir_1,기현우_Act_1,Undirected,1
김수정_Dir_1,김건희_Act_1,Undirected,1
김수정_Dir_1,김노진_Act_1,Undirected,1
김수정_Dir_1,김미미_Act_1,Undirected,1
김수정_Dir_1,김민우_Act_1,Undirected,1
김수정_Dir_1,김성수_Act_1,Undirected,1
김수정_Dir_1,김원기_Act_1,Undirected,1
김수정_Dir_1,김정민_Act_1,Undirected,1
김수정_Dir_1,김진성_Act_1,Undirected,1
김수정_Dir_1,김진홍_Act_1,Undirected,1
김수정_Dir_1,문해민_Act_1,Undirected,1
김수정_Dir_1,박규남_Act_1,Undirected,1
김수정_Dir_1,박서함_Act_1,Undirected,1
김수정_Dir_1,박재찬_Act_1,Undirected,1
김수정_Dir_1,박종환_Act_1,Undirected,1
김수정_Dir_1,박준환_Act_1,Undirected,1
김수정_Dir_1,변은지_Act_1,Undirected,1
김수정_Dir_1,서갑숙_Act_1,Undirected,1
김수정_Dir_1,서지원_Act_1,Undirected,1
김수정_Dir_1,석유진_Act_1,Undirected,1
김수정_Dir_1,손범서_Act_1,Undirected,1
김수정_Dir_1,송명호_Act_1,Undirected,1
김수정_Dir_1,송예림_Act_1,Undirected,1
김수정_Dir_1,송지오_Act_1,Undirected,1
김수정_Dir_1,신민선_Act_1,Undirected,1
김수정_Dir_1,신평식_Act_1,Undirected,1
김수정_Dir_1,안제현_Act_1,Undirected,1
김수정_Dir_1,양지웅_Act_1,Undirected,1
김수정_Dir_1,양흥주_Act_1,Undirected,1
김수정_Dir_1,우주명_Act_1,Undirected,1
김수정_Dir_1,유민곤_Act_1,Undirected,1
김수정_Dir_1,이봄_Act_1,Undirected,1
김수정_Dir_1,이유진_Act_1,Undirected,1
김수정_Dir_1,이정혁_Act_1,Undirected,1
김수정_Dir_1,이진성_Act_1,Undirected,1
김수정_Dir_1,이태경_Act_1,Undirected,1
김수정_Dir_1,이한주_Act_1,Undirected,1
김수정_Dir_1,이혜민_Act_1,Undirected,1
김수정_Dir_1,장선유_Act_1,Undirected,1
김수정_Dir_1,정주원_Act_1,Undirected,1
김수정_Dir_1,정준교_Act_1,Undirected,1
김수정_Dir_1,조성진_Act_1,Undirected,1
김수정_Dir_1,차재훈_Act_1,Undirected,1
김수정_Dir_1,최수견_Act_1,Undirected,1
김수정_Dir_1,한태경_Act_1,Undirected,1
김수정_Dir_1,한태희_Act_1,Undirected,1
김수정_Dir_1,허이진_Act_1,Undirected,1
김시우_Dir_1,강정탁_Act_1,Undirected,1
김시우_Dir_1,강한솔_Act_1,Undirected,1
김시우_Dir_1,공재민_Act_1,Undirected,1
김시우_Dir_1,김남희_Act_1,Undirected,1
김시우_Dir_1,김동일_Act_1,Undirected,1
김시우_Dir_1,김동해_Act_1,Undirected,1
김시우_Dir_1,김수민_Act_1,Undirected,1
김시우_Dir_1,김연서_Act_1,Undirected,1
김시우_Dir_1,김춘봉_Act_1,Undirected,1
김시우_Dir_1,김태희_Act_1,Undirected,1
김시우_Dir_1,나혜진_Act_1,Undirected,1
김시우_Dir_1,동방우_Act_1,Undirected,1
김시우_Dir_1,민우혁_Act_1,Undirected,1
김시우_Dir_1,박현일_Act_1,Undirected,1
김시우_Dir_1,배다해_Act_1,Undirected,1
김시우_Dir_1,백승철_Act_1,Undirected,1
김시우_Dir_1,백종건_Act_1,Undirected,1
김시우_Dir_1,서울_Act_1,Undirected,1
김시우_Dir_1,서진원_Act_1,Undirected,1
김시우_Dir_1,서채우_Act_1,Undirected,1
김시우_Dir_1,성기윤_Act_1,Undirected,1
김시우_Dir_1,송창규_Act_1,Undirected,1
김시우_Dir_1,심태선_Act_1,Undirected,1
김시우_Dir_1,양서윤_Act_1,Undirected,1
김시우_Dir_1,오정철_Act_1,Undirected,1
김시우_Dir_1,오주환_Act_1,Undirected,1
김시우_Dir_1,윤상현_Act_1,Undirected,1
김시우_Dir_1,이민영_Act_1,Undirected,1
김시우_Dir_1,이병욱_Act_1,Undirected,1
김시우_Dir_1,이세인_Act_1,Undirected,1
김시우_Dir_1,이세창_Act_1,Undirected,1
김시우_Dir_1,이윤희_Act_1,Undirected,1
김시우_Dir_1,이현일_Act_1,Undirected,1
김시우_Dir_1,임진혁_Act_1,Undirected,1
김시우_Dir_1,임춘길_Act_1,Undirected,1
김시우_Dir_1,임호_Act_1,Undirected,1
김시우_Dir_1,장명갑_Act_1,Undirected,1
김시우_Dir_1,정동화_Act_1,Undirected,1
김시우_Dir_1,정종훈_Act_1,Undirected,1
김시우_Dir_1,정지호_Act_1,Undirected,1
김시우_Dir_1,주효경_Act_1,Undirected,1
김시우_Dir_1,지대한_Act_1,Undirected,1
김시우_Dir_1,진모_Act_1,Undirected,1
김시우_Dir_1,황무영_Act_1,Undirected,1
김시우_Dir_1,황석정_Act_1,Undirected,1
김재훈_Dir_1,강춘성_Act_1,Undirected,1
김재훈_Dir_1,곽시양_Act_1,Undirected,1
김재훈_Dir_1,권민경_Act_1,Undirected,1
김재훈_Dir_1,김강민_Act_1,Undirected,1
김재훈_Dir_1,김광규_Act_1,Undirected,1
김재훈_Dir_1,김서원_Act_1,Undirected,1
김재훈_Dir_1,김원해_Act_1,Undirected,1
김재훈_Dir_1,김지아_Act_1,Undirected,1
김재훈_Dir_1,김진만_Act_1,Undirected,1
김재훈_Dir_1,김태겸_Act_1,Undirected,1
김재훈_Dir_1,김한솔_Act_1,Undirected,1
김재훈_Dir_1,문병주_Act_1,Undirected,1
김재훈_Dir_1,박성웅_Act_1,Undirected,1
김재훈_Dir_1,박성준_Act_1,Undirected,1
김재훈_Dir_1,박철민_Act_1,Undirected,1
김재훈_Dir_1,박효주_Act_1,Undirected,1
김재훈_Dir_1,배진완_Act_1,Undirected,1
김재훈_Dir_1,백종현_Act_1,Undirected,1
김재훈_Dir_1,서성종_Act_1,Undirected,1
김재훈_Dir_1,석보배_Act_1,Undirected,1
김재훈_Dir_1,성동일_Act_1,Undirected,1
김재훈_Dir_1,손정환_Act_1,Undirected,1
김재훈_Dir_1,손종학_Act_1,Undirected,2
김재훈_Dir_1,송영규_Act_1,Undirected,1
김재훈_Dir_1,송우림_Act_1,Undirected,1
김재훈_Dir_1,신수연_Act_1,Undirected,1
김재훈_Dir_1,신승환_Act_1,Undirected,2
김재훈_Dir_1,예수정_Act_1,Undirected,1
김재훈_Dir_1,오대환_Act_1,Undirected,1
김재훈_Dir_1,오윤수_Act_1,Undirected,1
김재훈_Dir_1,왕지혜_Act_1,Undirected,1
김재훈_Dir_1,유아름_Act_1,Undirected,1
김재훈_Dir_1,윤경호_Act_1,Undirected,1
김재훈_Dir_1,윤병희_Act_1,Undirected,2
김재훈_Dir_1,이나현_Act_1,Undirected,1
김재훈_Dir_1,이명희_Act_1,Undirected,1
김재훈_Dir_1,이상원_Act_1,Undirected,1
김재훈_Dir_1,이서한_Act_1,Undirected,1
김재훈_Dir_1,이승준_Act_1,Undirected,1
김재훈_Dir_1,임재성_Act_1,Undirected,1
김재훈_Dir_1,장동윤_Act_1,Undirected,1
김재훈_Dir_1,장솔_Act_1,Undirected,1
김재훈_Dir_1,장재호_Act_1,Undirected,2
김재훈_Dir_1,전한승_Act_1,Undirected,1
김재훈_Dir_1,전혜원_Act_1,Undirected,1
김재훈_Dir_1,정동근_Act_1,Undirected,1
김재훈_Dir_1,정세인_Act_1,Undirected,1
김재훈_Dir_1,정유진_Act_1,Undirected,1
김재훈_Dir_1,정주영_Act_1,Undirected,1
김재훈_Dir_1,최귀화_Act_1,Undirected,1
김재훈_Dir_1,최돈학_Act_1,Undirected,1
김재훈_Dir_1,최상재_Act_1,Undirected,1
김재훈_Dir_1,최윤빈_Act_1,Undirected,1
김재훈_Dir_1,추석영_Act_1,Undirected,1
김재훈_Dir_1,한서윤_Act_1,Undirected,3
김재훈_Dir_1,황보라_Act_1,Undirected,1
김재훈_Dir_1,황재열_Act_1,Undirected,1
김지운_Dir_1,강아름_Act_1,Undirected,1
김지운_Dir_1,곽동학_Act_1,Undirected,1
김지운_Dir_1,김동영_Act_1,Undirected,1
김지운_Dir_1,김문학_Act_1,Undirected,1
김지운_Dir_1,김민재_Act_1,Undirected,1
김지운_Dir_1,김성경_Act_1,Undirected,1
김지운_Dir_1,김성준_Act_1,Undirected,1
김지운_Dir_1,김인서_Act_1,Undirected,1
김지운_Dir_1,김재건_Act_1,Undirected,1
김지운_Dir_1,김중희_Act_1,Undirected,1
김지운_Dir_1,김홍국_Act_1,Undirected,1
김지운_Dir_1,나지엽_Act_1,Undirected,1
김지운_Dir_1,남지우_Act_1,Undirected,1
김지운_Dir_1,남회정_Act_1,Undirected,1
김지운_Dir_1,노아림_Act_1,Undirected,1
김지운_Dir_1,박예리_Act_1,Undirected,1
김지운_Dir_1,박정수_Act_1,Undirected,1
김지운_Dir_1,박정환_Act_1,Undirected,1
김지운_Dir_1,박혜정_Act_1,Undirected,1
김지운_Dir_1,배성일_Act_1,Undirected,1
김지운_Dir_1,송강호_Act_1,Undirected,1
김지운_Dir_1,신기환_Act_1,Undirected,1
김지운_Dir_1,심희영_Act_1,Undirected,1
김지운_Dir_1,엄태구_Act_1,Undirected,1
김지운_Dir_1,염혜란_Act_1,Undirected,1
김지운_Dir_1,오영훈_Act_1,Undirected,1
김지운_Dir_1,오정세_Act_1,Undirected,1
김지운_Dir_1,우지만_Act_1,Undirected,1
김지운_Dir_1,유민재_Act_1,Undirected,1
김지운_Dir_1,유민주_Act_1,Undirected,1
김지운_Dir_1,윤정한_Act_1,Undirected,1
김지운_Dir_1,이선우_Act_1,Undirected,1
김지운_Dir_1,이승원_Act_1,Undirected,1
김지운_Dir_1,이주한_Act_1,Undirected,1
김지운_Dir_1,이혜아_Act_1,Undirected,1
김지운_Dir_1,임수정_Act_1,Undirected,1
김지운_Dir_1,장광_Act_1,Undirected,1
김지운_Dir_1,장남열_Act_1,Undirected,1
김지운_Dir_1,장영남_Act_1,Undirected,1
김지운_Dir_1,장형모_Act_1,Undirected,1
김지운_Dir_1,전여빈_Act_1,Undirected,1
김지운_Dir_1,정기섭_Act_1,Undirected,1
김지운_Dir_1,정미형_Act_1,Undirected,1
김지운_Dir_1,정상훈_Act_1,Undirected,1
김지운_Dir_1,정성렬_Act_1,Undirected,1
김지운_Dir_1,정수정_Act_1,Undirected,1
김지운_Dir_1,정우성_Act_1,Undirected,1
김지운_Dir_1,정인기_Act_1,Undirected,1
김지운_Dir_1,조승구_Act_1,Undirected,1
김지운_Dir_1,조윤담_Act_1,Undirected,1
김지운_Dir_1,조지승_Act_1,Undirected,1
김지운_Dir_1,채하니_Act_1,Undirected,1
김지운_Dir_1,최원영_Act_1,Undirected,1
김지운_Dir_1,최하윤_Act_1,Undirected,1
김지운_Dir_1,한서울_Act_1,Undirected,1
김지운_Dir_1,한아름_Act_1,Undirected,1
김지운_Dir_1,한예주_Act_1,Undirected,1
김지운_Dir_1,허영진_Act_1,Undirected,1
김지훈_Dir_1,강신일_Act_1,Undirected,1
김지훈_Dir_1,고용화_Act_1,Undirected,1
김지훈_Dir_1,고창석_Act_1,Undirected,2
김지훈_Dir_1,권귀빈_Act_1,Undirected,1
김지훈_Dir_1,권소현_Act_1,Undirected,1
김지훈_Dir_1,권수진_Act_1,Undirected,1
김지훈_Dir_1,권오철_Act_1,Undirected,1
김지훈_Dir_1,권정숙_Act_1,Undirected,1
김지훈_Dir_1,김건우_Act_1,Undirected,2
김지훈_Dir_1,김경환_Act_1,Undirected,1
김지훈_Dir_1,김귀례_Act_1,Undirected,1
김지훈_Dir_1,김동현_Act_1,Undirected,1
김지훈_Dir_1,김명희_Act_1,Undirected,1
김지훈_Dir_1,김병철_Act_1,Undirected,1
김지훈_Dir_1,김성균_Act_1,Undirected,1
김지훈_Dir_1,김성오_Act_1,Undirected,1
김지훈_Dir_1,김세정_Act_1,Undirected,1
김지훈_Dir_1,김영_Act_1,Undirected,1
김지훈_Dir_1,김영원_Act_1,Undirected,1
김지훈_Dir_1,김왕도_Act_1,Undirected,1
김지훈_Dir_1,김윤식_Act_1,Undirected,1
김지훈_Dir_1,김재건_Act_1,Undirected,1
김지훈_Dir_1,김재화_Act_1,Undirected,1
김지훈_Dir_1,김정일_Act_1,Undirected,1
김지훈_Dir_1,김준혁_Act_1,Undirected,1
김지훈_Dir_1,김태훈_Act_1,Undirected,1
김지훈_Dir_1,김혜준_Act_1,Undirected,1
김지훈_Dir_1,김홍파_Act_1,Undirected,2
김지훈_Dir_1,나철_Act_1,Undirected,1
김지훈_Dir_1,나현민_Act_1,Undirected,1
김지훈_Dir_1,남기애_Act_1,Undirected,1
김지훈_Dir_1,남다름_Act_1,Undirected,1
김지훈_Dir_1,노정의_Act_1,Undirected,1
김지훈_Dir_1,노진영_Act_1,Undirected,1
김지훈_Dir_1,도윤섭_Act_1,Undirected,1
김지훈_Dir_1,문소리_Act_1,Undirected,1
김지훈_Dir_1,박광진_Act_1,Undirected,1
김지훈_Dir_1,박명신_Act_1,Undirected,1
김지훈_Dir_1,박민준_Act_1,Undirected,1
김지훈_Dir_1,박민지_Act_1,Undirected,1
김지훈_Dir_1,박옥출_Act_1,Undirected,1
김지훈_Dir_1,박진우_Act_1,Undirected,1
김지훈_Dir_1,배유리_Act_1,Undirected,1
김지훈_Dir_1,백명재_Act_1,Undirected,1
김지훈_Dir_1,설경구_Act_1,Undirected,1
김지훈_Dir_1,성열석_Act_1,Undirected,1
김지훈_Dir_1,성유빈_Act_1,Undirected,1
김지훈_Dir_1,손산_Act_1,Undirected,1
김지훈_Dir_1,송경아_Act_1,Undirected,1
김지훈_Dir_1,송광원_Act_1,Undirected,1
김지훈_Dir_1,심훈기_Act_1,Undirected,1
김지훈_Dir_1,안문주_Act_1,Undirected,1
김지훈_Dir_1,안성봉_Act_1,Undirected,1
김지훈_Dir_1,안승미_Act_1,Undirected,1
김지훈_Dir_1,안용우_Act_1,Undirected,1
김지훈_Dir_1,어성욱_Act_1,Undirected,1
김지훈_Dir_1,오달수_Act_1,Undirected,1
김지훈_Dir_1,오자훈_Act_1,Undirected,1
김지훈_Dir_1,오재세_Act_1,Undirected,1
김지훈_Dir_1,유재상_Act_1,Undirected,1
김지훈_Dir_1,유현_Act_1,Undirected,1
김지훈_Dir_1,윤경호_Act_1,Undirected,1
김지훈_Dir_1,윤기현_Act_1,Undirected,1
김지훈_Dir_1,윤돈선_Act_1,Undirected,2
김지훈_Dir_1,이건구_Act_1,Undirected,1
김지훈_Dir_1,이경태_Act_1,Undirected,1
김지훈_Dir_1,이광수_Act_1,Undirected,1
김지훈_Dir_1,이나라_Act_1,Undirected,1
김지훈_Dir_1,이다솔_Act_1,Undirected,1
김지훈_Dir_1,이두열_Act_1,Undirected,2
김지훈_Dir_1,이미은_Act_1,Undirected,1
김지훈_Dir_1,이봉규_Act_1,Undirected,1
김지훈_Dir_1,이상욱_Act_1,Undirected,1
김지훈_Dir_1,이상호_Act_1,Undirected,1
김지훈_Dir_1,이순화_Act_1,Undirected,1
김지훈_Dir_1,이승훈_Act_1,Undirected,1
김지훈_Dir_1,이연우_Act_1,Undirected,1
김지훈_Dir_1,이주미_Act_1,Undirected,1
김지훈_Dir_1,이주한_Act_1,Undirected,1
김지훈_Dir_1,이지은_Act_1,Undirected,1
김지훈_Dir_1,이지훈_Act_1,Undirected,1
김지훈_Dir_1,이창윤_Act_1,Undirected,1
김지훈_Dir_1,이학주_Act_1,Undirected,1
김지훈_Dir_1,이현일_Act_1,Undirected,1
김지훈_Dir_1,임원선_Act_1,Undirected,1
김지훈_Dir_1,장광_Act_1,Undirected,1
김지훈_Dir_1,장영_Act_1,Undirected,1
김지훈_Dir_1,전국향_Act_1,Undirected,1
김지훈_Dir_1,전승재_Act_1,Undirected,1
김지훈_Dir_1,전은미_Act_1,Undirected,1
김지훈_Dir_1,정도원_Act_1,Undirected,1
김지훈_Dir_1,정미혜_Act_1,Undirected,1
김지훈_Dir_1,정병호_Act_1,Undirected,1
김지훈_Dir_1,정서인_Act_1,Undirected,1
김지훈_Dir_1,정승길_Act_1,Undirected,1
김지훈_Dir_1,정영숙_Act_1,Undirected,1
김지훈_Dir_1,정용락_Act_1,Undirected,1
김지훈_Dir_1,정용태_Act_1,Undirected,1
김지훈_Dir_1,정우근_Act_1,Undirected,1
김지훈_Dir_1,정유안_Act_1,Undirected,1
김지훈_Dir_1,정윤하_Act_1,Undirected,1
김지훈_Dir_1,정택현_Act_1,Undirected,1
김지훈_Dir_1,조전범_Act_1,Undirected,1
김지훈_Dir_1,조제웅_Act_1,Undirected,1
김지훈_Dir_1,주동희_Act_1,Undirected,1
김지훈_Dir_1,차승원_Act_1,Undirected,1
김지훈_Dir_1,천우희_Act_1,Undirected,1
김지훈_Dir_1,최민혁_Act_1,Undirected,1
김지훈_Dir_1,최백구_Act_1,Undirected,1
김지훈_Dir_1,최선자_Act_1,Undirected,1
김지훈_Dir_1,최지명_Act_1,Undirected,1
김지훈_Dir_1,최희진_Act_1,Undirected,1
김지훈_Dir_1,추국현_Act_1,Undirected,1
김지훈_Dir_1,한기현_Act_1,Undirected,1
김지훈_Dir_1,한서윤_Act_1,Undirected,1
김지훈_Dir_1,한태린_Act_1,Undirected,1
김지훈_Dir_1,허인영_Act_1,Undirected,1
김지훈_Dir_1,홍산_Act_1,Undirected,1
김지훈_Dir_1,홍은진_Act_1,Undirected,1
김지훈_Dir_1,황여진_Act_1,Undirected,1
김진영_Dir_1,고청휘_Act_1,Undirected,1
김진영_Dir_1,곽경민_Act_1,Undirected,2
김진영_Dir_1,곽해은_Act_1,Undirected,1
김진영_Dir_1,권덕일_Act_1,Undirected,1
김진영_Dir_1,김동완_Act_1,Undirected,1
김진영_Dir_1,김라온_Act_1,Undirected,1
김진영_Dir_1,김민재_Act_1,Undirected,1
김진영_Dir_1,김병옥_Act_1,Undirected,1
김진영_Dir_1,김양우_Act_1,Undirected,1
김진영_Dir_1,김연교_Act_1,Undirected,1
김진영_Dir_1,김원석_Act_1,Undirected,1
김진영_Dir_1,김응수_Act_1,Undirected,1
김진영_Dir_1,김재일_Act_1,Undirected,1
김진영_Dir_1,김찬미_Act_1,Undirected,1
김진영_Dir_1,김하영_Act_1,Undirected,1
김진영_Dir_1,김현지_Act_1,Undirected,1
김진영_Dir_1,김형종_Act_1,Undirected,1
김진영_Dir_1,동방우_Act_1,Undirected,1
김진영_Dir_1,라경덕_Act_1,Undirected,1
김진영_Dir_1,문일택_Act_1,Undirected,1
김진영_Dir_1,문태수_Act_1,Undirected,1
김진영_Dir_1,민이수_Act_1,Undirected,1
김진영_Dir_1,박가연_Act_1,Undirected,1
김진영_Dir_1,박경순_Act_1,Undirected,1
김진영_Dir_1,박동주_Act_1,Undirected,1
김진영_Dir_1,박새담_Act_1,Undirected,1
김진영_Dir_1,박서연_Act_1,Undirected,1
김진영_Dir_1,박영준_Act_1,Undirected,1
김진영_Dir_1,박윤희_Act_1,Undirected,1
김진영_Dir_1,박재준_Act_1,Undirected,1
김진영_Dir_1,박정구_Act_1,Undirected,1
김진영_Dir_1,박정숙_Act_1,Undirected,2
김진영_Dir_1,박효주_Act_1,Undirected,1
김진영_Dir_1,배경민_Act_1,Undirected,1
김진영_Dir_1,사정현_Act_1,Undirected,1
김진영_Dir_1,선우용녀_Act_1,Undirected,1
김진영_Dir_1,송연지_Act_1,Undirected,1
김진영_Dir_1,송하현_Act_1,Undirected,1
김진영_Dir_1,신준철_Act_1,Undirected,1
김진영_Dir_1,신하랑_Act_1,Undirected,1
김진영_Dir_1,심현섭_Act_1,Undirected,1
김진영_Dir_1,안민서_Act_1,Undirected,1
김진영_Dir_1,안예림_Act_1,Undirected,1
김진영_Dir_1,안용준_Act_1,Undirected,1
김진영_Dir_1,양흥주_Act_1,Undirected,1
김진영_Dir_1,어석환_Act_1,Undirected,1
김진영_Dir_1,오상훈_Act_1,Undirected,1
김진영_Dir_1,오현수_Act_1,Undirected,1
김진영_Dir_1,유동균_Act_1,Undirected,1
김진영_Dir_1,유사무엘_Act_1,Undirected,1
김진영_Dir_1,유석원_Act_1,Undirected,1
김진영_Dir_1,유승신_Act_1,Undirected,1
김진영_Dir_1,이민우_Act_1,Undirected,1
김진영_Dir_1,이민호_Act_1,Undirected,1
김진영_Dir_1,이선주_Act_1,Undirected,1
김진영_Dir_1,이시영_Act_1,Undirected,1
김진영_Dir_1,이유선_Act_1,Undirected,1
김진영_Dir_1,이윤희_Act_1,Undirected,1
김진영_Dir_1,이종혁_Act_1,Undirected,1
김진영_Dir_1,이창욱_Act_1,Undirected,1
김진영_Dir_1,이철민_Act_1,Undirected,1
김진영_Dir_1,장성윤_Act_1,Undirected,1
김진영_Dir_1,장의돈_Act_1,Undirected,1
김진영_Dir_1,장정희_Act_1,Undirected,1
김진영_Dir_1,장혁준_Act_1,Undirected,1
김진영_Dir_1,전세현_Act_1,Undirected,1
김진영_Dir_1,정윤서_Act_1,Undirected,1
김진영_Dir_1,정정아_Act_1,Undirected,2
김진영_Dir_1,정혜정_Act_1,Undirected,2
김진영_Dir_1,조서후_Act_1,Undirected,1
김진영_Dir_1,조영민_Act_1,Undirected,1
김진영_Dir_1,조유진_Act_1,Undirected,1
김진영_Dir_1,조은덕_Act_1,Undirected,1
김진영_Dir_1,조현민_Act_1,Undirected,1
김진영_Dir_1,주소정_Act_1,Undirected,1
김진영_Dir_1,지병현_Act_1,Undirected,1
김진영_Dir_1,차선우_Act_1,Undirected,2
김진영_Dir_1,최소라_Act_1,Undirected,1
김진영_Dir_1,최재환_Act_1,Undirected,2
김진영_Dir_1,최종환_Act_1,Undirected,1
김진영_Dir_1,최필상_Act_1,Undirected,1
김진영_Dir_1,표민엽_Act_1,Undirected,1
김진영_Dir_1,한기업_Act_1,Undirected,1
김진영_Dir_1,한상혁_Act_1,Undirected,1
김진영_Dir_1,한여름_Act_1,Undirected,1
김진영_Dir_1,한철우_Act_1,Undirected,1
김진영_Dir_1,한혜지_Act_1,Undirected,1
김진홍_Dir_1,김대중_Act_1,Undirected,2
김진홍_Dir_1,문성근_Act_1,Undirected,1
김진홍_Dir_1,유시민_Act_1,Undirected,2
김진홍_Dir_1,이동형_Act_1,Undirected,1
김진홍_Dir_1,한홍구_Act_1,Undirected,1
김창주_Dir_1,J.B. 올리베이라_Act_1,Undirected,1
김창주_Dir_1,고경표_Act_1,Undirected,1
김창주_Dir_1,김봉만_Act_1,Undirected,1
김창주_Dir_1,김성수_Act_1,Undirected,1
김창주_Dir_1,김지호_Act_1,Undirected,1
김창주_Dir_1,김태율_Act_1,Undirected,1
김창주_Dir_1,남명렬_Act_1,Undirected,1
김창주_Dir_1,루안 브룸_Act_1,Undirected,1
김창주_Dir_1,류승룡_Act_1,Undirected,1
김창주_Dir_1,류승수_Act_1,Undirected,1
김창주_Dir_1,박영서_Act_1,Undirected,1
김창주_Dir_1,배천수_Act_1,Undirected,1
김창주_Dir_1,염혜란_Act_1,Undirected,1
김창주_Dir_1,이고르 페드로소_Act_1,Undirected,1
김창주_Dir_1,이설_Act_1,Undirected,1
김창주_Dir_1,이재인_Act_1,Undirected,1
김창주_Dir_1,이주한_Act_1,Undirected,1
김창주_Dir_1,전광진_Act_1,Undirected,1
김창주_Dir_1,전석호_Act_1,Undirected,1
김창주_Dir_1,정애연_Act_1,Undirected,1
김창주_Dir_1,정인기_Act_1,Undirected,1
김창주_Dir_1,조우진_Act_1,Undirected,1
김창주_Dir_1,조인우_Act_1,Undirected,1
김창주_Dir_1,지창욱_Act_1,Undirected,1
김창주_Dir_1,진경_Act_1,Undirected,1
김창주_Dir_1,진선규_Act_1,Undirected,1
김창주_Dir_1,최유송_Act_1,Undirected,1
김충길_Dir_1,김광태_Act_1,Undirected,1
김충길_Dir_1,김명선_Act_1,Undirected,1
김충길_Dir_1,김우현_Act_1,Undirected,2
김충길_Dir_1,김창수_Act_1,Undirected,1
김충길_Dir_1,김충길_Act_1,Undirected,3
김충길_Dir_1,박단비_Act_1,Undirected,2
김충길_Dir_1,서수찬_Act_1,Undirected,2
김충길_Dir_1,신연재_Act_1,Undirected,3
김충길_Dir_1,안준형_Act_1,Undirected,1
김충길_Dir_1,유정환_Act_1,Undirected,1
김충길_Dir_1,이도군_Act_1,Undirected,2
김충길_Dir_1,이사라_Act_1,Undirected,2
김충길_Dir_1,이원선_Act_1,Undirected,2
김충길_Dir_1,이원진_Act_1,Undirected,3
김충길_Dir_1,이이슬_Act_1,Undirected,2
김충길_Dir_1,임성균_Act_1,Undirected,2
김충길_Dir_1,장순정_Act_1,Undirected,1
김충길_Dir_1,정회동_Act_1,Undirected,3
김충길_Dir_1,한동원_Act_1,Undirected,3
김충길_Dir_1,홍지원_Act_1,Undirected,1
김한민_Dir_1,강덕중_Act_1,Undirected,2
김한민_Dir_1,강리안_Act_1,Undirected,2
김한민_Dir_1,강민태_Act_1,Undirected,1
김한민_Dir_1,강병욱_Act_1,Undirected,2
김한민_Dir_1,강보라_Act_1,Undirected,2
김한민_Dir_1,강성락_Act_1,Undirected,3
김한민_Dir_1,강수호_Act_1,Undirected,1
김한민_Dir_1,강신구_Act_1,Undirected,3
김한민_Dir_1,강태우_Act_1,Undirected,1
김한민_Dir_1,고기영_Act_1,Undirected,3
김한민_Dir_1,고한민_Act_1,Undirected,2
김한민_Dir_1,고해성_Act_1,Undirected,1
김한민_Dir_1,공명_Act_1,Undirected,3
김한민_Dir_1,공정환_Act_1,Undirected,2
김한민_Dir_1,공지삵_Act_1,Undirected,3
김한민_Dir_1,곽민호_Act_1,Undirected,2
김한민_Dir_1,구본혁_Act_1,Undirected,3
김한민_Dir_1,구자건_Act_1,Undirected,1
김한민_Dir_1,권용덕_Act_1,Undirected,2
김한민_Dir_1,권지희_Act_1,Undirected,1
김한민_Dir_1,김강일_Act_1,Undirected,2
김한민_Dir_1,김건보_Act_1,Undirected,2
김한민_Dir_1,김경태_Act_1,Undirected,2
김한민_Dir_1,김경훈_Act_1,Undirected,1
김한민_Dir_1,김공_Act_1,Undirected,2
김한민_Dir_1,김구택_Act_1,Undirected,2
김한민_Dir_1,김기현_Act_1,Undirected,1
김한민_Dir_1,김기호_Act_1,Undirected,2
김한민_Dir_1,김기환_Act_1,Undirected,2
김한민_Dir_1,김대명_Act_1,Undirected,2
김한민_Dir_1,김동현_Act_1,Undirected,2
김한민_Dir_1,김동형_Act_1,Undirected,1
김한민_Dir_1,김동환_Act_1,Undirected,1
김한민_Dir_1,김동훈_Act_1,Undirected,2
김한민_Dir_1,김리우_Act_1,Undirected,2
김한민_Dir_1,김명곤_Act_1,Undirected,2
김한민_Dir_1,김명수_Act_1,Undirected,1
김한민_Dir_1,김무섭_Act_1,Undirected,3
김한민_Dir_1,김민상_Act_1,Undirected,1
김한민_Dir_1,김민수_Act_1,Undirected,1
김한민_Dir_1,김민재_Act_1,Undirected,2
김한민_Dir_1,김백겸_Act_1,Undirected,1
김한민_Dir_1,김범석_Act_1,Undirected,2
김한민_Dir_1,김범수_Act_1,Undirected,1
김한민_Dir_1,김서빈_Act_1,Undirected,1
김한민_Dir_1,김서준_Act_1,Undirected,3
김한민_Dir_1,김성규_Act_1,Undirected,3
김한민_Dir_1,김성균_Act_1,Undirected,2
김한민_Dir_1,김시국_Act_1,Undirected,2
김한민_Dir_1,김시우_Act_1,Undirected,1
김한민_Dir_1,김영웅_Act_1,Undirected,2
김한민_Dir_1,김영찬_Act_1,Undirected,2
김한민_Dir_1,김영탁_Act_1,Undirected,2
김한민_Dir_1,김영호_Act_1,Undirected,2
김한민_Dir_1,김용준_Act_1,Undirected,3
김한민_Dir_1,김우현_Act_1,Undirected,2
김한민_Dir_1,김윤석_Act_1,Undirected,1
김한민_Dir_1,김이담_Act_1,Undirected,2
김한민_Dir_1,김재영_Act_1,Undirected,3
김한민_Dir_1,김준석_Act_1,Undirected,1
김한민_Dir_1,김중희_Act_1,Undirected,1
김한민_Dir_1,김지아_Act_1,Undirected,2
김한민_Dir_1,김지안_Act_1,Undirected,1
김한민_Dir_1,김진욱_Act_1,Undirected,1
김한민_Dir_1,김진형_Act_1,Undirected,3
김한민_Dir_1,김진희_Act_1,Undirected,2
김한민_Dir_1,김태근_Act_1,Undirected,2
김한민_Dir_1,김태응_Act_1,Undirected,1
김한민_Dir_1,김태훈_Act_1,Undirected,1
김한민_Dir_1,김태희_Act_1,Undirected,2
김한민_Dir_1,김한민_Act_1,Undirected,2
김한민_Dir_1,김한상_Act_1,Undirected,1
김한민_Dir_1,김한솔_Act_1,Undirected,2
김한민_Dir_1,김향기_Act_1,Undirected,2
김한민_Dir_1,김현승_Act_1,Undirected,2
김한민_Dir_1,김현우_Act_1,Undirected,2
김한민_Dir_1,김현태_Act_1,Undirected,2
김한민_Dir_1,김형록_Act_1,Undirected,1
김한민_Dir_1,김형석_Act_1,Undirected,3
김한민_Dir_1,김호연_Act_1,Undirected,2
김한민_Dir_1,김효민_Act_1,Undirected,1
김한민_Dir_1,김효주_Act_1,Undirected,2
김한민_Dir_1,남경읍_Act_1,Undirected,1
김한민_Dir_1,남명렬_Act_1,Undirected,1
김한민_Dir_1,남상우_Act_1,Undirected,3
김한민_Dir_1,남태우_Act_1,Undirected,1
김한민_Dir_1,남현우_Act_1,Undirected,2
김한민_Dir_1,노형원_Act_1,Undirected,1
김한민_Dir_1,문바롬_Act_1,Undirected,3
김한민_Dir_1,문숙_Act_1,Undirected,2
김한민_Dir_1,문승배_Act_1,Undirected,2
김한민_Dir_1,문정환_Act_1,Undirected,1
김한민_Dir_1,문정희_Act_1,Undirected,1
김한민_Dir_1,문종호_Act_1,Undirected,1
김한민_Dir_1,문형돈_Act_1,Undirected,1
김한민_Dir_1,민주호_Act_1,Undirected,3
김한민_Dir_1,박광복_Act_1,Undirected,1
김한민_Dir_1,박명훈_Act_1,Undirected,1
김한민_Dir_1,박상원_Act_1,Undirected,1
김한민_Dir_1,박상준_Act_1,Undirected,1
김한민_Dir_1,박선교_Act_1,Undirected,2
김한민_Dir_1,박선애_Act_1,Undirected,1
김한민_Dir_1,박성현_Act_1,Undirected,2
김한민_Dir_1,박연_Act_1,Undirected,1
김한민_Dir_1,박용우_Act_1,Undirected,1
김한민_Dir_1,박웅선_Act_1,Undirected,1
김한민_Dir_1,박원진_Act_1,Undirected,1
김한민_Dir_1,박인국_Act_1,Undirected,2
김한민_Dir_1,박재민_Act_1,Undirected,2
김한민_Dir_1,박재이_Act_1,Undirected,2
김한민_Dir_1,박지환_Act_1,Undirected,2
김한민_Dir_1,박해일_Act_1,Undirected,2
김한민_Dir_1,박현욱_Act_1,Undirected,1
김한민_Dir_1,박형준_Act_1,Undirected,3
김한민_Dir_1,박혜영_Act_1,Undirected,2
김한민_Dir_1,박훈_Act_1,Undirected,3
김한민_Dir_1,박희우_Act_1,Undirected,1
김한민_Dir_1,방병현_Act_1,Undirected,2
김한민_Dir_1,배명진_Act_1,Undirected,2
김한민_Dir_1,배한성_Act_1,Undirected,1
김한민_Dir_1,배현성_Act_1,Undirected,2
김한민_Dir_1,백경선_Act_1,Undirected,2
김한민_Dir_1,백윤식_Act_1,Undirected,1
김한민_Dir_1,백태민_Act_1,Undirected,2
김한민_Dir_1,변봉식_Act_1,Undirected,1
김한민_Dir_1,변요한_Act_1,Undirected,2
김한민_Dir_1,서대건_Act_1,Undirected,1
김한민_Dir_1,서상원_Act_1,Undirected,2
김한민_Dir_1,서세명_Act_1,Undirected,2
김한민_Dir_1,서정민_Act_1,Undirected,1
김한민_Dir_1,서한돌_Act_1,Undirected,1
김한민_Dir_1,서현재_Act_1,Undirected,1
김한민_Dir_1,석예린_Act_1,Undirected,1
김한민_Dir_1,손경원_Act_1,Undirected,2
김한민_Dir_1,손대민_Act_1,Undirected,3
김한민_Dir_1,손수호_Act_1,Undirected,3
김한민_Dir_1,손현주_Act_1,Undirected,2
김한민_Dir_1,송광주_Act_1,Undirected,1
김한민_Dir_1,송요셉_Act_1,Undirected,1
김한민_Dir_1,송치훈_Act_1,Undirected,1
김한민_Dir_1,신재영_Act_1,Undirected,1
김한민_Dir_1,신치영_Act_1,Undirected,1
김한민_Dir_1,신형근_Act_1,Undirected,1
김한민_Dir_1,안보현_Act_1,Undirected,1
김한민_Dir_1,안성기_Act_1,Undirected,3
김한민_Dir_1,안성봉_Act_1,Undirected,3
김한민_Dir_1,안세호_Act_1,Undirected,1
김한민_Dir_1,안준호_Act_1,Undirected,1
김한민_Dir_1,안치욱_Act_1,Undirected,2
김한민_Dir_1,안태준_Act_1,Undirected,2
김한민_Dir_1,양동혁_Act_1,Undirected,3
김한민_Dir_1,엄기영_Act_1,Undirected,3
김한민_Dir_1,여진구_Act_1,Undirected,1
김한민_Dir_1,연원모_Act_1,Undirected,1
김한민_Dir_1,오누리_Act_1,Undirected,3
김한민_Dir_1,오동훈_Act_1,Undirected,1
김한민_Dir_1,오영철_Act_1,Undirected,1
김한민_Dir_1,오지훈_Act_1,Undirected,3
김한민_Dir_1,오창후_Act_1,Undirected,3
김한민_Dir_1,옥택연_Act_1,Undirected,2
김한민_Dir_1,왕호영_Act_1,Undirected,1
김한민_Dir_1,우혁_Act_1,Undirected,3
김한민_Dir_1,위민국_Act_1,Undirected,3
김한민_Dir_1,유건기_Act_1,Undirected,2
김한민_Dir_1,유명환_Act_1,Undirected,1
김한민_Dir_1,유성주_Act_1,Undirected,1
김한민_Dir_1,윤대열_Act_1,Undirected,2
김한민_Dir_1,윤상영_Act_1,Undirected,3
김한민_Dir_1,윤상원_Act_1,Undirected,2
김한민_Dir_1,윤승훈_Act_1,Undirected,2
김한민_Dir_1,윤영진_Act_1,Undirected,1
김한민_Dir_1,윤제문_Act_1,Undirected,2
김한민_Dir_1,윤진영_Act_1,Undirected,2
김한민_Dir_1,윤혁진_Act_1,Undirected,1
김한민_Dir_1,윤현승_Act_1,Undirected,3
김한민_Dir_1,이건록_Act_1,Undirected,3
김한민_Dir_1,이규탁_Act_1,Undirected,3
김한민_Dir_1,이규형_Act_1,Undirected,1
김한민_Dir_1,이다혜_Act_1,Undirected,2
김한민_Dir_1,이단_Act_1,Undirected,2
김한민_Dir_1,이동빈_Act_1,Undirected,2
김한민_Dir_1,이동현_Act_1,Undirected,1
김한민_Dir_1,이동희_Act_1,Undirected,1
김한민_Dir_1,이루겸_Act_1,Undirected,2
김한민_Dir_1,이무생_Act_1,Undirected,1
김한민_Dir_1,이민수_Act_1,Undirected,1
김한민_Dir_1,이보영_Act_1,Undirected,2
김한민_Dir_1,이상백_Act_1,Undirected,1
김한민_Dir_1,이상호_Act_1,Undirected,3
김한민_Dir_1,이서준_Act_1,Undirected,2
김한민_Dir_1,이성욱_Act_1,Undirected,1
김한민_Dir_1,이승헌_Act_1,Undirected,1
김한민_Dir_1,이시안_Act_1,Undirected,2
김한민_Dir_1,이시엽_Act_1,Undirected,1
김한민_Dir_1,이시헌_Act_1,Undirected,1
김한민_Dir_1,이운산_Act_1,Undirected,2
김한민_Dir_1,이웅규_Act_1,Undirected,1
김한민_Dir_1,이원희_Act_1,Undirected,1
김한민_Dir_1,이의령_Act_1,Undirected,2
김한민_Dir_1,이재우_Act_1,Undirected,1
김한민_Dir_1,이재한_Act_1,Undirected,3
김한민_Dir_1,이제훈_Act_1,Undirected,1
김한민_Dir_1,이종섭_Act_1,Undirected,2
김한민_Dir_1,이종욱_Act_1,Undirected,2
김한민_Dir_1,이준혁_Act_1,Undirected,2
김한민_Dir_1,이지영_Act_1,Undirected,1
김한민_Dir_1,이지운_Act_1,Undirected,2
김한민_Dir_1,이진민_Act_1,Undirected,2
김한민_Dir_1,이창균_Act_1,Undirected,1
김한민_Dir_1,이태형_Act_1,Undirected,1
김한민_Dir_1,이한준_Act_1,Undirected,1
김한민_Dir_1,임성민_Act_1,Undirected,1
김한민_Dir_1,임일규_Act_1,Undirected,1
김한민_Dir_1,장루이_Act_1,Undirected,1
김한민_Dir_1,장유화_Act_1,Undirected,1
김한민_Dir_1,장한솔_Act_1,Undirected,2
김한민_Dir_1,전운종_Act_1,Undirected,1
김한민_Dir_1,정기섭_Act_1,Undirected,1
김한민_Dir_1,정대경_Act_1,Undirected,1
김한민_Dir_1,정동근_Act_1,Undirected,3
김한민_Dir_1,정민철_Act_1,Undirected,1
김한민_Dir_1,정민혁_Act_1,Undirected,1
김한민_Dir_1,정승현_Act_1,Undirected,1
김한민_Dir_1,정시훈_Act_1,Undirected,1
김한민_Dir_1,정연_Act_1,Undirected,2
김한민_Dir_1,정영록_Act_1,Undirected,1
김한민_Dir_1,정예훈_Act_1,Undirected,2
김한민_Dir_1,정유준_Act_1,Undirected,1
김한민_Dir_1,정재영_Act_1,Undirected,1
김한민_Dir_1,정제우_Act_1,Undirected,2
김한민_Dir_1,정종훈_Act_1,Undirected,1
김한민_Dir_1,정준화_Act_1,Undirected,2
김한민_Dir_1,정하영_Act_1,Undirected,1
김한민_Dir_1,정현옥_Act_1,Undirected,2
김한민_Dir_1,조성국_Act_1,Undirected,1
김한민_Dir_1,조재윤_Act_1,Undirected,2
김한민_Dir_1,조재현_Act_1,Undirected,2
김한민_Dir_1,조현수_Act_1,Undirected,3
김한민_Dir_1,주석태_Act_1,Undirected,1
김한민_Dir_1,지상우_Act_1,Undirected,1
김한민_Dir_1,진범일_Act_1,Undirected,1
김한민_Dir_1,채강_Act_1,Undirected,3
김한민_Dir_1,채원우_Act_1,Undirected,1
김한민_Dir_1,최광제_Act_1,Undirected,1
김한민_Dir_1,최기표_Act_1,Undirected,1
김한민_Dir_1,최단비_Act_1,Undirected,1
김한민_Dir_1,최덕문_Act_1,Undirected,1
김한민_Dir_1,최돈학_Act_1,Undirected,3
김한민_Dir_1,최정태_Act_1,Undirected,1
김한민_Dir_1,최지현_Act_1,Undirected,1
김한민_Dir_1,최지환_Act_1,Undirected,1
김한민_Dir_1,최홍락_Act_1,Undirected,2
김한민_Dir_1,하영진_Act_1,Undirected,2
김한민_Dir_1,한대훈_Act_1,Undirected,1
김한민_Dir_1,한동국_Act_1,Undirected,2
김한민_Dir_1,한봄_Act_1,Undirected,2
김한민_Dir_1,한상경_Act_1,Undirected,2
김한민_Dir_1,한송희_Act_1,Undirected,2
김한민_Dir_1,한우진_Act_1,Undirected,1
김한민_Dir_1,한재학_Act_1,Undirected,1
김한민_Dir_1,한지은_Act_1,Undirected,1
김한민_Dir_1,함진성_Act_1,Undirected,1
김한민_Dir_1,허재욱_Act_1,Undirected,1
김한민_Dir_1,허재호_Act_1,Undirected,1
김한민_Dir_1,허준호_Act_1,Undirected,1
김한민_Dir_1,허중회_Act_1,Undirected,1
김한민_Dir_1,허태경_Act_1,Undirected,1
김한민_Dir_1,현봉식_Act_1,Undirected,2
김한민_Dir_1,현서영_Act_1,Undirected,1
김한민_Dir_1,현직_Act_1,Undirected,2
김한민_Dir_1,홍윤_Act_1,Undirected,2
김한민_Dir_1,황무영_Act_1,Undirected,2
김한민_Dir_1,황민혁_Act_1,Undirected,3
김한민_Dir_1,황민형_Act_1,Undirected,1
김한민_Dir_1,황성웅_Act_1,Undirected,3
김한민_Dir_1,황재운_Act_1,Undirected,1
김현우_Dir_1,강다윤_Act_1,Undirected,1
김현우_Dir_1,강예서_Act_1,Undirected,1
김현우_Dir_1,김광용_Act_1,Undirected,1
김현우_Dir_1,김동형_Act_1,Undirected,1
김현우_Dir_1,김림후_Act_1,Undirected,1
김현우_Dir_1,김민주_Act_1,Undirected,1
김현우_Dir_1,김솔_Act_1,Undirected,2
김현우_Dir_1,김윤서_Act_1,Undirected,1
김현우_Dir_1,김율호_Act_1,Undirected,1
김현우_Dir_1,김정주_Act_1,Undirected,1
김현우_Dir_1,김혜영_Act_1,Undirected,1
김현우_Dir_1,남지현_Act_1,Undirected,1
김현우_Dir_1,문가람_Act_1,Undirected,1
김현우_Dir_1,문수영_Act_1,Undirected,1
김현우_Dir_1,박상현_Act_1,Undirected,2
김현우_Dir_1,빅알렉스_Act_1,Undirected,1
김현우_Dir_1,선주아_Act_1,Undirected,1
김현우_Dir_1,손민준_Act_1,Undirected,1
김현우_Dir_1,안채희_Act_1,Undirected,1
김현우_Dir_1,염서현_Act_1,Undirected,1
김현우_Dir_1,원승재_Act_1,Undirected,1
김현우_Dir_1,유강민_Act_1,Undirected,1
김현우_Dir_1,윤정열_Act_1,Undirected,1
김현우_Dir_1,이재석_Act_1,Undirected,1
김현우_Dir_1,이푸름_Act_1,Undirected,1
김현우_Dir_1,임유림_Act_1,Undirected,1
김현우_Dir_1,임정은_Act_1,Undirected,1
김현우_Dir_1,정구현_Act_1,Undirected,1
김현우_Dir_1,정은우_Act_1,Undirected,1
김현우_Dir_1,정인기_Act_1,Undirected,1
김현우_Dir_1,정재훈_Act_1,Undirected,1
김현우_Dir_1,정진우_Act_1,Undirected,1
김현우_Dir_1,정찬우_Act_1,Undirected,1
김현우_Dir_1,조명연_Act_1,Undirected,1
김현우_Dir_1,조명행_Act_1,Undirected,1
김현우_Dir_1,조서인_Act_1,Undirected,1
김현우_Dir_1,채영숙_Act_1,Undirected,1
김현우_Dir_1,황두하_Act_1,Undirected,2
류승완_Dir_1,강길우_Act_1,Undirected,1
류승완_Dir_1,강승수_Act_1,Undirected,1
류승완_Dir_1,강희제_Act_1,Undirected,1
류승완_Dir_1,고동옥_Act_1,Undirected,1
류승완_Dir_1,고민시_Act_1,Undirected,1
류승완_Dir_1,곽자형_Act_1,Undirected,1
류승완_Dir_1,곽진석_Act_1,Undirected,1
류승완_Dir_1,구교환_Act_1,Undirected,1
류승완_Dir_1,구본웅_Act_1,Undirected,1
류승완_Dir_1,권해효_Act_1,Undirected,1
류승완_Dir_1,김가을_Act_1,Undirected,1
류승완_Dir_1,김경덕_Act_1,Undirected,1
류승완_Dir_1,김경록_Act_1,Undirected,1
류승완_Dir_1,김경희_Act_1,Undirected,1
류승완_Dir_1,김기천_Act_1,Undirected,1
류승완_Dir_1,김도훈_Act_1,Undirected,1
류승완_Dir_1,김동식_Act_1,Undirected,1
류승완_Dir_1,김동화_Act_1,Undirected,1
류승완_Dir_1,김명연_Act_1,Undirected,1
류승완_Dir_1,김미지_Act_1,Undirected,1
류승완_Dir_1,김병만_Act_1,Undirected,1
류승완_Dir_1,김서원_Act_1,Undirected,1
류승완_Dir_1,김서희_Act_1,Undirected,1
류승완_Dir_1,김소진_Act_1,Undirected,1
류승완_Dir_1,김시후_Act_1,Undirected,1
류승완_Dir_1,김용학_Act_1,Undirected,1
류승완_Dir_1,김우영_Act_1,Undirected,1
류승완_Dir_1,김원준_Act_1,Undirected,1
류승완_Dir_1,김원해_Act_1,Undirected,2
류승완_Dir_1,김윤석_Act_1,Undirected,1
류승완_Dir_1,김재화_Act_1,Undirected,3
류승완_Dir_1,김재훈_Act_1,Undirected,1
류승완_Dir_1,김종수_Act_1,Undirected,1
류승완_Dir_1,김준식_Act_1,Undirected,1
류승완_Dir_1,김충길_Act_1,Undirected,1
류승완_Dir_1,김한솔_Act_1,Undirected,1
류승완_Dir_1,김혜수_Act_1,Undirected,1
류승완_Dir_1,남진복_Act_1,Undirected,1
류승완_Dir_1,남태규_Act_1,Undirected,1
류승완_Dir_1,민대웅_Act_1,Undirected,1
류승완_Dir_1,박경혜_Act_1,Undirected,3
류승완_Dir_1,박명신_Act_1,Undirected,2
류승완_Dir_1,박정_Act_1,Undirected,1
류승완_Dir_1,박정민_Act_1,Undirected,1
류승완_Dir_1,박준면_Act_1,Undirected,2
류승완_Dir_1,박지영_Act_1,Undirected,1
류승완_Dir_1,박찬별_Act_1,Undirected,1
류승완_Dir_1,배정환_Act_1,Undirected,1
류승완_Dir_1,백승철_Act_1,Undirected,1
류승완_Dir_1,백종환_Act_1,Undirected,1
류승완_Dir_1,백주희_Act_1,Undirected,1
류승완_Dir_1,변홍준_Act_1,Undirected,1
류승완_Dir_1,선종구_Act_1,Undirected,1
류승완_Dir_1,송원수_Act_1,Undirected,1
류승완_Dir_1,신민재_Act_1,Undirected,2
류승완_Dir_1,신삼봉_Act_1,Undirected,1
류승완_Dir_1,신승환_Act_1,Undirected,1
류승완_Dir_1,신영옥_Act_1,Undirected,1
류승완_Dir_1,신우희_Act_1,Undirected,2
류승완_Dir_1,심규식_Act_1,Undirected,1
류승완_Dir_1,안보현_Act_1,Undirected,1
류승완_Dir_1,안상태_Act_1,Undirected,1
류승완_Dir_1,안세호_Act_1,Undirected,2
류승완_Dir_1,염정아_Act_1,Undirected,1
류승완_Dir_1,오달수_Act_1,Undirected,1
류승완_Dir_1,오대환_Act_1,Undirected,1
류승완_Dir_1,오윤홍_Act_1,Undirected,1
류승완_Dir_1,오충근_Act_1,Undirected,1
류승완_Dir_1,오현석_Act_1,Undirected,1
류승완_Dir_1,우정원_Act_1,Undirected,1
류승완_Dir_1,유민석_Act_1,Undirected,1
류승완_Dir_1,유민주_Act_1,Undirected,1
류승완_Dir_1,유연석_Act_1,Undirected,1
류승완_Dir_1,유재연_Act_1,Undirected,1
류승완_Dir_1,유창한_Act_1,Undirected,1
류승완_Dir_1,유태근_Act_1,Undirected,1
류승완_Dir_1,유하람_Act_1,Undirected,1
류승완_Dir_1,윤경호_Act_1,Undirected,2
류승완_Dir_1,윤대열_Act_1,Undirected,1
류승완_Dir_1,윤대원_Act_1,Undirected,1
류승완_Dir_1,윤병희_Act_1,Undirected,1
류승완_Dir_1,윤종구_Act_1,Undirected,1
류승완_Dir_1,윤준열_Act_1,Undirected,1
류승완_Dir_1,이금빈_Act_1,Undirected,1
류승완_Dir_1,이나연_Act_1,Undirected,1
류승완_Dir_1,이다일_Act_1,Undirected,1
류승완_Dir_1,이봉련_Act_1,Undirected,1
류승완_Dir_1,이상하_Act_1,Undirected,1
류승완_Dir_1,이상협_Act_1,Undirected,1
류승완_Dir_1,이상희_Act_1,Undirected,1
류승완_Dir_1,이서아_Act_1,Undirected,1
류승완_Dir_1,이선희_Act_1,Undirected,1
류승완_Dir_1,이성환_Act_1,Undirected,1
류승완_Dir_1,이용희_Act_1,Undirected,1
류승완_Dir_1,이정수_Act_1,Undirected,1
류승완_Dir_1,이종진_Act_1,Undirected,1
류승완_Dir_1,이진희_Act_1,Undirected,3
류승완_Dir_1,이태형_Act_1,Undirected,1
류승완_Dir_1,이화정_Act_1,Undirected,1
류승완_Dir_1,이희경_Act_1,Undirected,1
류승완_Dir_1,인선호_Act_1,Undirected,1
류승완_Dir_1,임승준_Act_1,Undirected,1
류승완_Dir_1,임희라_Act_1,Undirected,1
류승완_Dir_1,장기하_Act_1,Undirected,1
류승완_Dir_1,장윤주_Act_1,Undirected,1
류승완_Dir_1,장지후_Act_1,Undirected,1
류승완_Dir_1,전상원_Act_1,Undirected,1
류승완_Dir_1,전석찬_Act_1,Undirected,1
류승완_Dir_1,전현숙_Act_1,Undirected,2
류승완_Dir_1,정도원_Act_1,Undirected,1
류승완_Dir_1,정만식_Act_1,Undirected,2
류승완_Dir_1,정명진_Act_1,Undirected,1
류승완_Dir_1,정병두_Act_1,Undirected,1
류승완_Dir_1,정재원_Act_1,Undirected,1
류승완_Dir_1,정재훈_Act_1,Undirected,1
류승완_Dir_1,정해인_Act_1,Undirected,1
류승완_Dir_1,정혜자_Act_1,Undirected,1
류승완_Dir_1,정호진_Act_1,Undirected,1
류승완_Dir_1,조관우_Act_1,Undirected,1
류승완_Dir_1,조상원_Act_1,Undirected,1
류승완_Dir_1,조성현_Act_1,Undirected,1
류승완_Dir_1,조순연_Act_1,Undirected,1
류승완_Dir_1,조인성_Act_1,Undirected,2
류승완_Dir_1,주보비_Act_1,Undirected,3
류승완_Dir_1,진경_Act_1,Undirected,2
류승완_Dir_1,진희규_Act_1,Undirected,1
류승완_Dir_1,최가은_Act_1,Undirected,1
류승완_Dir_1,최경훈_Act_1,Undirected,1
류승완_Dir_1,최유정_Act_1,Undirected,1
류승완_Dir_1,최정욱_Act_1,Undirected,1
류승완_Dir_1,최종원_Act_1,Undirected,1
류승완_Dir_1,태상호_Act_1,Undirected,1
류승완_Dir_1,한규석_Act_1,Undirected,1
류승완_Dir_1,한철우_Act_1,Undirected,1
류승완_Dir_1,허남준_Act_1,Undirected,1
류승완_Dir_1,허준호_Act_1,Undirected,2
류승완_Dir_1,현봉식_Act_1,Undirected,1
류승완_Dir_1,홍성오_Act_1,Undirected,1
류승완_Dir_1,홍은철_Act_1,Undirected,1
류승완_Dir_1,황영윤_Act_1,Undirected,1
류승완_Dir_1,황인기_Act_1,Undirected,1
류승완_Dir_1,황인무_Act_1,Undirected,1
류승완_Dir_1,황정민_Act_1,Undirected,1
류승완_Dir_1,황창기_Act_1,Undirected,1
민채연_Dir_1,민채연_Act_1,Undirected,2
민채연_Dir_1,송민석_Act_1,Undirected,1
민채연_Dir_1,이명준_Act_1,Undirected,1
민채연_Dir_1,이예주_Act_1,Undirected,1
민채연_Dir_1,임지호_Act_1,Undirected,1
민채연_Dir_1,정다은_Act_1,Undirected,1
민채연_Dir_1,정수련_Act_1,Undirected,1
민채연_Dir_1,최유정_Act_1,Undirected,1
민환기_Dir_1,고권일_Act_1,Undirected,1
민환기_Dir_1,고은영_Act_1,Undirected,1
민환기_Dir_1,김남희_Act_1,Undirected,1
민환기_Dir_1,김다운_Act_1,Undirected,1
민환기_Dir_1,김대중_Act_1,Undirected,1
민환기_Dir_1,김도영_Act_1,Undirected,1
민환기_Dir_1,김순애_Act_1,Undirected,1
민환기_Dir_1,김재록_Act_1,Undirected,1
민환기_Dir_1,김홍모_Act_1,Undirected,1
민환기_Dir_1,박정경수_Act_1,Undirected,1
민환기_Dir_1,반영경_Act_1,Undirected,1
민환기_Dir_1,서석규_Act_1,Undirected,1
민환기_Dir_1,오수경_Act_1,Undirected,1
민환기_Dir_1,윤경미_Act_1,Undirected,1
민환기_Dir_1,이길훈_Act_1,Undirected,1
민환기_Dir_1,이선자_Act_1,Undirected,1
민환기_Dir_1,장현성_Act_1,Undirected,1
민환기_Dir_1,전서윤_Act_1,Undirected,1
민환기_Dir_1,정화빈_Act_1,Undirected,1
민환기_Dir_1,진경표_Act_1,Undirected,1
민환기_Dir_1,하승우_Act_1,Undirected,1
민환기_Dir_1,현성미_Act_1,Undirected,1
민환기_Dir_1,황용운_Act_1,Undirected,1
민환기_Dir_1,황현진_Act_1,Undirected,1
박동기_Dir_1,구재연_Act_1,Undirected,1
박동기_Dir_1,권혁천_Act_1,Undirected,1
박동기_Dir_1,김광재_Act_1,Undirected,1
박동기_Dir_1,김기두_Act_1,Undirected,1
박동기_Dir_1,김세환_Act_1,Undirected,1
박동기_Dir_1,김시운_Act_1,Undirected,1
박동기_Dir_1,김용석_Act_1,Undirected,1
박동기_Dir_1,김정승_Act_1,Undirected,1
박동기_Dir_1,김조운_Act_1,Undirected,2
박동기_Dir_1,김충길_Act_1,Undirected,1
박동기_Dir_1,김혜나_Act_1,Undirected,1
박동기_Dir_1,김혜원_Act_1,Undirected,1
박동기_Dir_1,마성민_Act_1,Undirected,1
박동기_Dir_1,문일완_Act_1,Undirected,1
박동기_Dir_1,박동기_Act_1,Undirected,2
박동기_Dir_1,박정곤_Act_1,Undirected,1
박동기_Dir_1,박지영_Act_1,Undirected,1
박동기_Dir_1,백수장_Act_1,Undirected,1
박동기_Dir_1,설유진_Act_1,Undirected,1
박동기_Dir_1,손우현_Act_1,Undirected,1
박동기_Dir_1,송보은_Act_1,Undirected,1
박동기_Dir_1,송부건_Act_1,Undirected,1
박동기_Dir_1,송원수_Act_1,Undirected,1
박동기_Dir_1,신두리_Act_1,Undirected,1
박동기_Dir_1,신민재_Act_1,Undirected,1
박동기_Dir_1,윤주상_Act_1,Undirected,1
박동기_Dir_1,이경욱_Act_1,Undirected,2
박동기_Dir_1,임수현_Act_1,Undirected,1
박동기_Dir_1,전이서_Act_1,Undirected,1
박동기_Dir_1,정종우_Act_1,Undirected,2
박동기_Dir_1,조미녀_Act_1,Undirected,1
박동기_Dir_1,최윤화_Act_1,Undirected,1
박동기_Dir_1,황지연_Act_1,Undirected,1
박범수_Dir_1,강인기_Act_1,Undirected,1
박범수_Dir_1,구시연_Act_1,Undirected,1
박범수_Dir_1,권유나_Act_1,Undirected,1
박범수_Dir_1,김미수_Act_1,Undirected,1
박범수_Dir_1,김예지_Act_1,Undirected,1
박범수_Dir_1,김지영_Act_1,Undirected,1
박범수_Dir_1,김한솔_Act_1,Undirected,1
박범수_Dir_1,류혜린_Act_1,Undirected,1
박범수_Dir_1,박병우_Act_1,Undirected,1
박범수_Dir_1,박세완_Act_1,Undirected,1
박범수_Dir_1,박소연_Act_1,Undirected,1
박범수_Dir_1,박슬기_Act_1,Undirected,1
박범수_Dir_1,박유밀_Act_1,Undirected,1
박범수_Dir_1,박효은_Act_1,Undirected,1
박범수_Dir_1,방예인_Act_1,Undirected,1
박범수_Dir_1,방정민_Act_1,Undirected,1
박범수_Dir_1,백하이_Act_1,Undirected,1
박범수_Dir_1,서동훈_Act_1,Undirected,1
박범수_Dir_1,설찬미_Act_1,Undirected,1
박범수_Dir_1,손병욱_Act_1,Undirected,1
박범수_Dir_1,손지나_Act_1,Undirected,1
박범수_Dir_1,송훈_Act_1,Undirected,1
박범수_Dir_1,안희주_Act_1,Undirected,1
박범수_Dir_1,염지영_Act_1,Undirected,1
박범수_Dir_1,오준혁_Act_1,Undirected,2
박범수_Dir_1,윤계상_Act_1,Undirected,1
박범수_Dir_1,윤대열_Act_1,Undirected,2
박범수_Dir_1,윤혜리_Act_1,Undirected,1
박범수_Dir_1,이동건_Act_1,Undirected,1
박범수_Dir_1,이동욱_Act_1,Undirected,1
박범수_Dir_1,이미도_Act_1,Undirected,2
박범수_Dir_1,이상이_Act_1,Undirected,1
박범수_Dir_1,이솜_Act_1,Undirected,1
박범수_Dir_1,이시훈_Act_1,Undirected,1
박범수_Dir_1,이재남_Act_1,Undirected,1
박범수_Dir_1,이정하_Act_1,Undirected,1
박범수_Dir_1,이찬형_Act_1,Undirected,1
박범수_Dir_1,이태형_Act_1,Undirected,1
박범수_Dir_1,이한종_Act_1,Undirected,1
박범수_Dir_1,이한주_Act_1,Undirected,1
박범수_Dir_1,이혜리_Act_1,Undirected,1
박범수_Dir_1,임수정_Act_1,Undirected,1
박범수_Dir_1,임우철_Act_1,Undirected,1
박범수_Dir_1,장래군_Act_1,Undirected,1
박범수_Dir_1,장현성_Act_1,Undirected,1
박범수_Dir_1,정우영_Act_1,Undirected,1
박범수_Dir_1,조달환_Act_1,Undirected,1
박범수_Dir_1,조민국_Act_1,Undirected,1
박범수_Dir_1,조아람_Act_1,Undirected,1
박범수_Dir_1,조영진_Act_1,Undirected,1
박범수_Dir_1,주진모_Act_1,Undirected,1
박범수_Dir_1,지이수_Act_1,Undirected,2
박범수_Dir_1,최지수_Act_1,Undirected,1
박범수_Dir_1,한동희_Act_1,Undirected,1
박범수_Dir_1,한사명_Act_1,Undirected,1
박범수_Dir_1,한종훈_Act_1,Undirected,2
박범수_Dir_1,현봉식_Act_1,Undirected,1
박범수_Dir_1,홍성덕_Act_1,Undirected,1
박범수_Dir_1,황기석_Act_1,Undirected,1
박범수_Dir_1,황대기_Act_1,Undirected,1
박이웅_Dir_1,Le Chi Nguyen_Act_1,Undirected,1
박이웅_Dir_1,강정우_Act_1,Undirected,1
박이웅_Dir_1,강정임_Act_1,Undirected,1
박이웅_Dir_1,경규민_Act_1,Undirected,1
박이웅_Dir_1,고은별_Act_1,Undirected,1
박이웅_Dir_1,구다송_Act_1,Undirected,1
박이웅_Dir_1,김고운_Act_1,Undirected,1
박이웅_Dir_1,김남우_Act_1,Undirected,1
박이웅_Dir_1,김담호_Act_1,Undirected,1
박이웅_Dir_1,김승용_Act_1,Undirected,1
박이웅_Dir_1,김은석_Act_1,Undirected,2
박이웅_Dir_1,김재금_Act_1,Undirected,1
박이웅_Dir_1,김정회_Act_1,Undirected,1
박이웅_Dir_1,김중기_Act_1,Undirected,1
박이웅_Dir_1,김필_Act_1,Undirected,1
박이웅_Dir_1,김혜윤_Act_1,Undirected,1
박이웅_Dir_1,김호진_Act_1,Undirected,1
박이웅_Dir_1,김희창_Act_1,Undirected,1
박이웅_Dir_1,나종민_Act_1,Undirected,2
박이웅_Dir_1,노수산나_Act_1,Undirected,1
박이웅_Dir_1,라호찬_Act_1,Undirected,1
박이웅_Dir_1,문정웅_Act_1,Undirected,1
박이웅_Dir_1,박건우_Act_1,Undirected,1
박이웅_Dir_1,박소을_Act_1,Undirected,1
박이웅_Dir_1,박승준_Act_1,Undirected,1
박이웅_Dir_1,박시우_Act_1,Undirected,1
박이웅_Dir_1,박옥출_Act_1,Undirected,1
박이웅_Dir_1,박원상_Act_1,Undirected,1
박이웅_Dir_1,박종환_Act_1,Undirected,1
박이웅_Dir_1,박혁권_Act_1,Undirected,1
박이웅_Dir_1,박현우_Act_1,Undirected,1
박이웅_Dir_1,백승원_Act_1,Undirected,1
박이웅_Dir_1,백현_Act_1,Undirected,1
박이웅_Dir_1,서다예_Act_1,Undirected,1
박이웅_Dir_1,서지원_Act_1,Undirected,1
박이웅_Dir_1,서홍석_Act_1,Undirected,1
박이웅_Dir_1,성노진_Act_1,Undirected,1
박이웅_Dir_1,성여진_Act_1,Undirected,1
박이웅_Dir_1,손성찬_Act_1,Undirected,1
박이웅_Dir_1,손화령_Act_1,Undirected,1
박이웅_Dir_1,신여경_Act_1,Undirected,1
박이웅_Dir_1,신재휘_Act_1,Undirected,1
박이웅_Dir_1,안토니_Act_1,Undirected,1
박이웅_Dir_1,양미선_Act_1,Undirected,2
박이웅_Dir_1,양소민_Act_1,Undirected,1
박이웅_Dir_1,양준명_Act_1,Undirected,1
박이웅_Dir_1,양희경_Act_1,Undirected,1
박이웅_Dir_1,엄옥란_Act_1,Undirected,1
박이웅_Dir_1,예성_Act_1,Undirected,1
박이웅_Dir_1,오만석_Act_1,Undirected,2
박이웅_Dir_1,오현경_Act_1,Undirected,1
박이웅_Dir_1,유라엘_Act_1,Undirected,1
박이웅_Dir_1,유성간_Act_1,Undirected,1
박이웅_Dir_1,유순웅_Act_1,Undirected,1
박이웅_Dir_1,유은영_Act_1,Undirected,1
박이웅_Dir_1,유채은_Act_1,Undirected,1
박이웅_Dir_1,윤주상_Act_1,Undirected,1
박이웅_Dir_1,윤지수_Act_1,Undirected,1
박이웅_Dir_1,이동용_Act_1,Undirected,1
박이웅_Dir_1,이성미_Act_1,Undirected,1
박이웅_Dir_1,이유_Act_1,Undirected,1
박이웅_Dir_1,이정미_Act_1,Undirected,1
박이웅_Dir_1,이휘종_Act_1,Undirected,1
박이웅_Dir_1,이희석_Act_1,Undirected,1
박이웅_Dir_1,임우철_Act_1,Undirected,1
박이웅_Dir_1,재니스_Act_1,Undirected,1
박이웅_Dir_1,정경임_Act_1,Undirected,1
박이웅_Dir_1,정아람_Act_1,Undirected,1
박이웅_Dir_1,정애화_Act_1,Undirected,1
박이웅_Dir_1,정예은영_Act_1,Undirected,1
박이웅_Dir_1,정윤영_Act_1,Undirected,1
박이웅_Dir_1,정지현_Act_1,Undirected,1
박이웅_Dir_1,정회린_Act_1,Undirected,1
박이웅_Dir_1,조현임_Act_1,Undirected,1
박이웅_Dir_1,주인영_Act_1,Undirected,1
박이웅_Dir_1,최성희_Act_1,Undirected,1
박이웅_Dir_1,최원_Act_1,Undirected,1
박이웅_Dir_1,최희진_Act_1,Undirected,2
박이웅_Dir_1,한철우_Act_1,Undirected,1
박이웅_Dir_1,한혜지_Act_1,Undirected,1
박이웅_Dir_1,함건수_Act_1,Undirected,1
박이웅_Dir_1,홍성오_Act_1,Undirected,1
박이웅_Dir_1,황자영_Act_1,Undirected,1
박재석_Dir_1,길병민_Act_1,Undirected,1
박재석_Dir_1,김도형_Act_1,Undirected,1
박재석_Dir_1,김주원_Act_1,Undirected,1
박재석_Dir_1,신영숙_Act_1,Undirected,1
박재석_Dir_1,에녹_Act_1,Undirected,1
박재석_Dir_1,옥주현_Act_1,Undirected,1
박재석_Dir_1,윤영석_Act_1,Undirected,1
박재석_Dir_1,윤전일_Act_1,Undirected,1
박재석_Dir_1,이지훈_Act_1,Undirected,1
박재석_Dir_1,이해준_Act_1,Undirected,1
박재석_Dir_1,임기홍_Act_1,Undirected,1
박재석_Dir_1,임선혜_Act_1,Undirected,1
박재석_Dir_1,정성화_Act_1,Undirected,1
박재석_Dir_1,정재은_Act_1,Undirected,1
박재석_Dir_1,조규현_Act_1,Undirected,1
박훈정_Dir_1,강태주_Act_1,Undirected,1
박훈정_Dir_1,고남호_Act_1,Undirected,1
박훈정_Dir_1,고아라_Act_1,Undirected,1
박훈정_Dir_1,공경배_Act_1,Undirected,1
박훈정_Dir_1,김강우_Act_1,Undirected,1
박훈정_Dir_1,김기해_Act_1,Undirected,1
박훈정_Dir_1,김다미_Act_1,Undirected,1
박훈정_Dir_1,김대흥_Act_1,Undirected,1
박훈정_Dir_1,김민규_Act_1,Undirected,1
박훈정_Dir_1,김벼리_Act_1,Undirected,1
박훈정_Dir_1,김선호_Act_1,Undirected,1
박훈정_Dir_1,김소민_Act_1,Undirected,1
박훈정_Dir_1,김용우_Act_1,Undirected,1
박훈정_Dir_1,김한솔_Act_1,Undirected,2
박훈정_Dir_1,노승윤_Act_1,Undirected,1
박훈정_Dir_1,모그_Act_1,Undirected,1
박훈정_Dir_1,문동식_Act_1,Undirected,1
박훈정_Dir_1,박은빈_Act_1,Undirected,1
박훈정_Dir_1,서문호_Act_1,Undirected,1
박훈정_Dir_1,서은수_Act_1,Undirected,1
박훈정_Dir_1,서이라_Act_1,Undirected,1
박훈정_Dir_1,성유빈_Act_1,Undirected,1
박훈정_Dir_1,손정아_Act_1,Undirected,1
박훈정_Dir_1,신시아_Act_1,Undirected,1
박훈정_Dir_1,신영옥_Act_1,Undirected,1
박훈정_Dir_1,신희철_Act_1,Undirected,1
박훈정_Dir_1,양이겸_Act_1,Undirected,1
박훈정_Dir_1,엄태구_Act_1,Undirected,1
박훈정_Dir_1,오기덕_Act_1,Undirected,1
박훈정_Dir_1,오원혁_Act_1,Undirected,1
박훈정_Dir_1,우강민_Act_1,Undirected,1
박훈정_Dir_1,유태근_Act_1,Undirected,1
박훈정_Dir_1,윤기창_Act_1,Undirected,1
박훈정_Dir_1,이규영_Act_1,Undirected,1
박훈정_Dir_1,이상렬_Act_1,Undirected,1
박훈정_Dir_1,이선호_Act_1,Undirected,1
박훈정_Dir_1,이종석_Act_1,Undirected,1
박훈정_Dir_1,이준_Act_1,Undirected,1
박훈정_Dir_1,임승준_Act_1,Undirected,1
박훈정_Dir_1,장남수_Act_1,Undirected,1
박훈정_Dir_1,장재영_Act_1,Undirected,1
박훈정_Dir_1,장지호_Act_1,Undirected,1
박훈정_Dir_1,저스틴 하비_Act_1,Undirected,1
박훈정_Dir_1,정라엘_Act_1,Undirected,1
박훈정_Dir_1,정예지_Act_1,Undirected,1
박훈정_Dir_1,정예진_Act_1,Undirected,1
박훈정_Dir_1,정운_Act_1,Undirected,1
박훈정_Dir_1,정환욱_Act_1,Undirected,1
박훈정_Dir_1,조광욱_Act_1,Undirected,1
박훈정_Dir_1,조민수_Act_1,Undirected,1
박훈정_Dir_1,조창원_Act_1,Undirected,1
박훈정_Dir_1,진구_Act_1,Undirected,1
박훈정_Dir_1,차순배_Act_1,Undirected,1
박훈정_Dir_1,채서안_Act_1,Undirected,1
박훈정_Dir_1,채원빈_Act_1,Undirected,1
박훈정_Dir_1,최동구_Act_1,Undirected,1
박훈정_Dir_1,최홍락_Act_1,Undirected,1
박훈정_Dir_1,한상경_Act_1,Undirected,1
박훈정_Dir_1,한재웅_Act_1,Undirected,1
박훈정_Dir_1,홍원표_Act_1,Undirected,1
백승기_Dir_1,감승민_Act_1,Undirected,1
백승기_Dir_1,강소연_Act_1,Undirected,2
백승기_Dir_1,권동원_Act_1,Undirected,1
백승기_Dir_1,권수진_Act_1,Undirected,2
백승기_Dir_1,권오상_Act_1,Undirected,1
백승기_Dir_1,김단비_Act_1,Undirected,1
백승기_Dir_1,김예림_Act_1,Undirected,2
백승기_Dir_1,김지양_Act_1,Undirected,1
백승기_Dir_1,김태연_Act_1,Undirected,1
백승기_Dir_1,민지혁_Act_1,Undirected,1
백승기_Dir_1,박도연_Act_1,Undirected,1
백승기_Dir_1,박은혜_Act_1,Undirected,1
백승기_Dir_1,박채은_Act_1,Undirected,1
백승기_Dir_1,백승기_Act_1,Undirected,2
백승기_Dir_1,변동욱_Act_1,Undirected,1
백승기_Dir_1,서현민_Act_1,Undirected,2
백승기_Dir_1,손규진_Act_1,Undirected,1
백승기_Dir_1,손이용_Act_1,Undirected,2
백승기_Dir_1,송진석_Act_1,Undirected,2
백승기_Dir_1,신예주_Act_1,Undirected,2
백승기_Dir_1,신우성_Act_1,Undirected,1
백승기_Dir_1,안정호_Act_1,Undirected,1
백승기_Dir_1,유창호_Act_1,Undirected,1
백승기_Dir_1,이교형_Act_1,Undirected,1
백승기_Dir_1,이지규_Act_1,Undirected,2
백승기_Dir_1,이태린_Act_1,Undirected,1
백승기_Dir_1,이호영_Act_1,Undirected,1
백승기_Dir_1,전민호_Act_1,Undirected,1
백승기_Dir_1,정광우_Act_1,Undirected,2
백승기_Dir_1,정수진_Act_1,Undirected,1
백승기_Dir_1,조근직_Act_1,Undirected,2
백승기_Dir_1,조문정_Act_1,Undirected,1
백승기_Dir_1,조용환_Act_1,Undirected,1
백승기_Dir_1,주용욱_Act_1,Undirected,1
백승기_Dir_1,천정희_Act_1,Undirected,1
백승기_Dir_1,탁재형_Act_1,Undirected,1
백승기_Dir_1,한지철_Act_1,Undirected,1
신근호_Dir_1,고인범_Act_1,Undirected,1
신근호_Dir_1,김경탁_Act_1,Undirected,1
신근호_Dir_1,김달호_Act_1,Undirected,1
신근호_Dir_1,김문수_Act_1,Undirected,1
신근호_Dir_1,김민준_Act_1,Undirected,1
신근호_Dir_1,김민희_Act_1,Undirected,1
신근호_Dir_1,김병구_Act_1,Undirected,1
신근호_Dir_1,김성룡_Act_1,Undirected,1
신근호_Dir_1,김아현_Act_1,Undirected,1
신근호_Dir_1,김영조_Act_1,Undirected,1
신근호_Dir_1,김인묵_Act_1,Undirected,1
신근호_Dir_1,김주연_Act_1,Undirected,1
신근호_Dir_1,김현섭_Act_1,Undirected,1
신근호_Dir_1,김희영_Act_1,Undirected,1
신근호_Dir_1,남정희_Act_1,Undirected,1
신근호_Dir_1,노수산나_Act_1,Undirected,2
신근호_Dir_1,룡세형_Act_1,Undirected,1
신근호_Dir_1,문서연_Act_1,Undirected,1
신근호_Dir_1,문종일_Act_1,Undirected,1
신근호_Dir_1,문진식_Act_1,Undirected,1
신근호_Dir_1,민준현_Act_1,Undirected,2
신근호_Dir_1,박경복_Act_1,Undirected,1
신근호_Dir_1,박성우_Act_1,Undirected,1
신근호_Dir_1,박순천_Act_1,Undirected,1
신근호_Dir_1,박윤결_Act_1,Undirected,1
신근호_Dir_1,박청용_Act_1,Undirected,1
신근호_Dir_1,박현민_Act_1,Undirected,1
신근호_Dir_1,백준길_Act_1,Undirected,1
신근호_Dir_1,변정수_Act_1,Undirected,1
신근호_Dir_1,서대건_Act_1,Undirected,1
신근호_Dir_1,석정현_Act_1,Undirected,1
신근호_Dir_1,손동제_Act_1,Undirected,1
신근호_Dir_1,손태양_Act_1,Undirected,1
신근호_Dir_1,송진영_Act_1,Undirected,1
신근호_Dir_1,안대겸_Act_1,Undirected,1
신근호_Dir_1,오누리_Act_1,Undirected,1
신근호_Dir_1,오윤수_Act_1,Undirected,1
신근호_Dir_1,유일한_Act_1,Undirected,1
신근호_Dir_1,이강민_Act_1,Undirected,1
신근호_Dir_1,이근진_Act_1,Undirected,1
신근호_Dir_1,이난솔_Act_1,Undirected,1
신근호_Dir_1,이동욱_Act_1,Undirected,1
신근호_Dir_1,이상헌_Act_1,Undirected,1
신근호_Dir_1,이소민_Act_1,Undirected,1
신근호_Dir_1,이재용_Act_1,Undirected,1
신근호_Dir_1,이지원_Act_1,Undirected,1
신근호_Dir_1,이지은_Act_1,Undirected,1
신근호_Dir_1,이택희_Act_1,Undirected,1
신근호_Dir_1,인선호_Act_1,Undirected,1
신근호_Dir_1,임한성_Act_1,Undirected,1
신근호_Dir_1,장혜진_Act_1,Undirected,1
신근호_Dir_1,전희찬_Act_1,Undirected,1
신근호_Dir_1,정구명_Act_1,Undirected,1
신근호_Dir_1,정인기_Act_1,Undirected,2
신근호_Dir_1,정진운_Act_1,Undirected,2
신근호_Dir_1,정태우_Act_1,Undirected,1
신근호_Dir_1,조원희_Act_1,Undirected,1
신근호_Dir_1,조이안_Act_1,Undirected,1
신근호_Dir_1,조재윤_Act_1,Undirected,1
신근호_Dir_1,조지영_Act_1,Undirected,1
신근호_Dir_1,조한선_Act_1,Undirected,1
신근호_Dir_1,조한준_Act_1,Undirected,1
신근호_Dir_1,주이안_Act_1,Undirected,1
신근호_Dir_1,최성락_Act_1,Undirected,1
신근호_Dir_1,최호섭_Act_1,Undirected,1
신근호_Dir_1,한경석_Act_1,Undirected,1
신근호_Dir_1,홍성오_Act_1,Undirected,1
신근호_Dir_1,홍재균_Act_1,Undirected,1
신근호_Dir_1,홍택근_Act_1,Undirected,1
신근호_Dir_1,황사무엘_Act_1,Undirected,1
신근호_Dir_1,황순원_Act_1,Undirected,1
신연식_Dir_1,공진서_Act_1,Undirected,1
신연식_Dir_1,구시연_Act_1,Undirected,1
신연식_Dir_1,김다흰_Act_1,Undirected,1
신연식_Dir_1,김정팔_Act_1,Undirected,1
신연식_Dir_1,남기쁨_Act_1,Undirected,1
신연식_Dir_1,박근수_Act_1,Undirected,1
신연식_Dir_1,박명신_Act_1,Undirected,1
신연식_Dir_1,박재민_Act_1,Undirected,1
신연식_Dir_1,박정민_Act_1,Undirected,1
신연식_Dir_1,박지은_Act_1,Undirected,1
신연식_Dir_1,박채익_Act_1,Undirected,1
신연식_Dir_1,서영우_Act_1,Undirected,1
신연식_Dir_1,서현진_Act_1,Undirected,1
신연식_Dir_1,성수연_Act_1,Undirected,1
신연식_Dir_1,성홍일_Act_1,Undirected,1
신연식_Dir_1,송강호_Act_1,Undirected,1
신연식_Dir_1,시은미_Act_1,Undirected,1
신연식_Dir_1,신윤주_Act_1,Undirected,1
신연식_Dir_1,신윤지_Act_1,Undirected,1
신연식_Dir_1,신지소_Act_1,Undirected,1
신연식_Dir_1,아청_Act_1,Undirected,1
신연식_Dir_1,안성기_Act_1,Undirected,1
신연식_Dir_1,이승훈_Act_1,Undirected,1
신연식_Dir_1,이영란_Act_1,Undirected,1
신연식_Dir_1,이은주_Act_1,Undirected,1
신연식_Dir_1,이호정_Act_1,Undirected,1
신연식_Dir_1,장윤주_Act_1,Undirected,1
신연식_Dir_1,전누림_Act_1,Undirected,1
신연식_Dir_1,정아미_Act_1,Undirected,1
신연식_Dir_1,조주경_Act_1,Undirected,1
신연식_Dir_1,주예림_Act_1,Undirected,1
신연식_Dir_1,최주원_Act_1,Undirected,1
신연식_Dir_1,최홍일_Act_1,Undirected,1
신연식_Dir_1,허연정_Act_1,Undirected,1
신연식_Dir_1,홍성춘_Act_1,Undirected,1
오윤동_Dir_1,기현_Act_1,Undirected,1
오윤동_Dir_1,김남준_Act_1,Undirected,1
오윤동_Dir_1,김석진_Act_1,Undirected,1
오윤동_Dir_1,김태형_Act_1,Undirected,1
오윤동_Dir_1,도겸_Act_1,Undirected,1
오윤동_Dir_1,디노_Act_1,Undirected,1
오윤동_Dir_1,디에잇_Act_1,Undirected,1
오윤동_Dir_1,민규_Act_1,Undirected,1
오윤동_Dir_1,민윤기_Act_1,Undirected,1
오윤동_Dir_1,민혁_Act_1,Undirected,1
오윤동_Dir_1,박지민_Act_1,Undirected,1
오윤동_Dir_1,버논_Act_1,Undirected,1
오윤동_Dir_1,셔누_Act_1,Undirected,1
오윤동_Dir_1,손동운_Act_1,Undirected,1
오윤동_Dir_1,승관_Act_1,Undirected,1
오윤동_Dir_1,아이엠_Act_1,Undirected,1
오윤동_Dir_1,양요섭_Act_1,Undirected,1
오윤동_Dir_1,에스쿱스_Act_1,Undirected,1
오윤동_Dir_1,우지_Act_1,Undirected,1
오윤동_Dir_1,원우_Act_1,Undirected,1
오윤동_Dir_1,윤두준_Act_1,Undirected,1
오윤동_Dir_1,이기광_Act_1,Undirected,1
오윤동_Dir_1,전정국_Act_1,Undirected,1
오윤동_Dir_1,정한_Act_1,Undirected,1
오윤동_Dir_1,정호석_Act_1,Undirected,1
오윤동_Dir_1,조슈아_Act_1,Undirected,1
오윤동_Dir_1,주헌_Act_1,Undirected,1
오윤동_Dir_1,준_Act_1,Undirected,1
오윤동_Dir_1,형원_Act_1,Undirected,1
오윤동_Dir_1,호시_Act_1,Undirected,1
이돈구_Dir_1,고기혁_Act_1,Undirected,1
이돈구_Dir_1,고훈목_Act_1,Undirected,1
이돈구_Dir_1,권잎새_Act_1,Undirected,1
이돈구_Dir_1,김기정_Act_1,Undirected,1
이돈구_Dir_1,김도의_Act_1,Undirected,1
이돈구_Dir_1,김동욱_Act_1,Undirected,1
이돈구_Dir_1,김만호_Act_1,Undirected,1
이돈구_Dir_1,김성대_Act_1,Undirected,1
이돈구_Dir_1,김성준_Act_1,Undirected,1
이돈구_Dir_1,김영노_Act_1,Undirected,1
이돈구_Dir_1,김정원_Act_1,Undirected,1
이돈구_Dir_1,김종호_Act_1,Undirected,1
이돈구_Dir_1,김한나_Act_1,Undirected,1
이돈구_Dir_1,김희성_Act_1,Undirected,1
이돈구_Dir_1,남기쁨_Act_1,Undirected,1
이돈구_Dir_1,류경현_Act_1,Undirected,1
이돈구_Dir_1,류효정_Act_1,Undirected,1
이돈구_Dir_1,박상아_Act_1,Undirected,1
이돈구_Dir_1,박성남_Act_1,Undirected,1
이돈구_Dir_1,박성인_Act_1,Undirected,1
이돈구_Dir_1,박소진_Act_1,Undirected,1
이돈구_Dir_1,박종환_Act_1,Undirected,1
이돈구_Dir_1,박혁권_Act_1,Undirected,1
이돈구_Dir_1,백승우_Act_1,Undirected,1
이돈구_Dir_1,서광재_Act_1,Undirected,1
이돈구_Dir_1,손숙_Act_1,Undirected,1
이돈구_Dir_1,손현주_Act_1,Undirected,1
이돈구_Dir_1,신준호_Act_1,Undirected,1
이돈구_Dir_1,안성민_Act_1,Undirected,1
이돈구_Dir_1,양조아_Act_1,Undirected,1
이돈구_Dir_1,오수민_Act_1,Undirected,1
이돈구_Dir_1,우상기_Act_1,Undirected,1
이돈구_Dir_1,유동훈_Act_1,Undirected,1
이돈구_Dir_1,윤유선_Act_1,Undirected,1
이돈구_Dir_1,이동규_Act_1,Undirected,1
이돈구_Dir_1,이병길_Act_1,Undirected,1
이돈구_Dir_1,이상묵_Act_1,Undirected,1
이돈구_Dir_1,이수광_Act_1,Undirected,1
이돈구_Dir_1,이우룡_Act_1,Undirected,1
이돈구_Dir_1,이은석_Act_1,Undirected,1
이돈구_Dir_1,이정수_Act_1,Undirected,1
이돈구_Dir_1,이지훈_Act_1,Undirected,1
이돈구_Dir_1,이진호_Act_1,Undirected,1
이돈구_Dir_1,이혁주_Act_1,Undirected,1
이돈구_Dir_1,정석용_Act_1,Undirected,1
이돈구_Dir_1,정애화_Act_1,Undirected,1
이돈구_Dir_1,정연신_Act_1,Undirected,1
이돈구_Dir_1,정지환_Act_1,Undirected,1
이돈구_Dir_1,정창원_Act_1,Undirected,1
이돈구_Dir_1,조경현_Act_1,Undirected,1
이돈구_Dir_1,최윤빈_Act_1,Undirected,1
이돈구_Dir_1,최정태_Act_1,Undirected,1
이돈구_Dir_1,허정도_Act_1,Undirected,1
이돈구_Dir_1,현봉식_Act_1,Undirected,1
이돈구_Dir_1,현오봉_Act_1,Undirected,1
이돈구_Dir_1,홍은정_Act_1,Undirected,1
이미리_Dir_1,김나연_Act_1,Undirected,2
이미리_Dir_1,김대현_Act_1,Undirected,2
이미리_Dir_1,김신비_Act_1,Undirected,2
이미리_Dir_1,박효은_Act_1,Undirected,1
이미리_Dir_1,이성인_Act_1,Undirected,1
이미리_Dir_1,천성_Act_1,Undirected,1
이상용_Dir_1,강덕중_Act_1,Undirected,1
이상용_Dir_1,강윤_Act_1,Undirected,1
이상용_Dir_1,강하나_Act_1,Undirected,1
이상용_Dir_1,강한별_Act_1,Undirected,1
이상용_Dir_1,강희제_Act_1,Undirected,1
이상용_Dir_1,고건한_Act_1,Undirected,1
이상용_Dir_1,고규필_Act_1,Undirected,1
이상용_Dir_1,공경배_Act_1,Undirected,1
이상용_Dir_1,공대유_Act_1,Undirected,1
이상용_Dir_1,곽장륜_Act_1,Undirected,1
이상용_Dir_1,국형_Act_1,Undirected,1
이상용_Dir_1,권지훈_Act_1,Undirected,1
이상용_Dir_1,권태호_Act_1,Undirected,1
이상용_Dir_1,권혁범_Act_1,Undirected,1
이상용_Dir_1,김기호_Act_1,Undirected,1
이상용_Dir_1,김다솔_Act_1,Undirected,1
이상용_Dir_1,김대근_Act_1,Undirected,1
이상용_Dir_1,김도건_Act_1,Undirected,1
이상용_Dir_1,김동주_Act_1,Undirected,1
이상용_Dir_1,김리우_Act_1,Undirected,1
이상용_Dir_1,김무성_Act_1,Undirected,1
이상용_Dir_1,김민_Act_1,Undirected,1
이상용_Dir_1,김민규_Act_1,Undirected,1
이상용_Dir_1,김민수_Act_1,Undirected,1
이상용_Dir_1,김민재_Act_1,Undirected,1
이상용_Dir_1,김민준_Act_1,Undirected,1
이상용_Dir_1,김병민_Act_1,Undirected,1
이상용_Dir_1,김병탁_Act_1,Undirected,1
이상용_Dir_1,김상욱_Act_1,Undirected,1
이상용_Dir_1,김서원_Act_1,Undirected,1
이상용_Dir_1,김세중_Act_1,Undirected,1
이상용_Dir_1,김소원_Act_1,Undirected,1
이상용_Dir_1,김승현_Act_1,Undirected,1
이상용_Dir_1,김승환_Act_1,Undirected,1
이상용_Dir_1,김영성_Act_1,Undirected,1
이상용_Dir_1,김영조_Act_1,Undirected,1
이상용_Dir_1,김영준_Act_1,Undirected,1
이상용_Dir_1,김우현_Act_1,Undirected,1
이상용_Dir_1,김운영_Act_1,Undirected,1
이상용_Dir_1,김원경_Act_1,Undirected,2
이상용_Dir_1,김이현_Act_1,Undirected,1
이상용_Dir_1,김주희_Act_1,Undirected,1
이상용_Dir_1,김지수_Act_1,Undirected,1
이상용_Dir_1,김찬형_Act_1,Undirected,1
이상용_Dir_1,김태욱_Act_1,Undirected,1
이상용_Dir_1,김태윤_Act_1,Undirected,1
이상용_Dir_1,김희_Act_1,Undirected,1
이상용_Dir_1,남문철_Act_1,Undirected,1
이상용_Dir_1,남지우_Act_1,Undirected,1
이상용_Dir_1,류성현_Act_1,Undirected,1
이상용_Dir_1,류한종_Act_1,Undirected,1
이상용_Dir_1,마동석_Act_1,Undirected,3
이상용_Dir_1,문경린_Act_1,Undirected,1
이상용_Dir_1,박광재_Act_1,Undirected,1
이상용_Dir_1,박상남_Act_1,Undirected,1
이상용_Dir_1,박상원_Act_1,Undirected,1
이상용_Dir_1,박은우_Act_1,Undirected,1
이상용_Dir_1,박주환_Act_1,Undirected,1
이상용_Dir_1,박준혁_Act_1,Undirected,1
이상용_Dir_1,박지영_Act_1,Undirected,1
이상용_Dir_1,박지환_Act_1,Undirected,2
이상용_Dir_1,박태산_Act_1,Undirected,1
이상용_Dir_1,박현석_Act_1,Undirected,1
이상용_Dir_1,박혜영_Act_1,Undirected,1
이상용_Dir_1,배누리_Act_1,Undirected,1
이상용_Dir_1,배소영_Act_1,Undirected,1
이상용_Dir_1,백남준_Act_1,Undirected,1
이상용_Dir_1,백승익_Act_1,Undirected,1
이상용_Dir_1,백요섭_Act_1,Undirected,1
이상용_Dir_1,서문호_Act_1,Undirected,2
이상용_Dir_1,서영진_Act_1,Undirected,1
이상용_Dir_1,선율우_Act_1,Undirected,1
이상용_Dir_1,손상경_Act_1,Undirected,1
이상용_Dir_1,손석구_Act_1,Undirected,1
이상용_Dir_1,손승범_Act_1,Undirected,1
이상용_Dir_1,손승훈_Act_1,Undirected,1
이상용_Dir_1,손인용_Act_1,Undirected,1
이상용_Dir_1,손종복_Act_1,Undirected,1
이상용_Dir_1,손지영_Act_1,Undirected,1
이상용_Dir_1,손태오_Act_1,Undirected,1
이상용_Dir_1,송요셉_Act_1,Undirected,1
이상용_Dir_1,송이우_Act_1,Undirected,1
이상용_Dir_1,신재용_Act_1,Undirected,1
이상용_Dir_1,신재환_Act_1,Undirected,1
이상용_Dir_1,신현용_Act_1,Undirected,1
이상용_Dir_1,신혜선_Act_1,Undirected,1
이상용_Dir_1,심영은_Act_1,Undirected,1
이상용_Dir_1,심하느리_Act_1,Undirected,1
이상용_Dir_1,아오키 무네타카_Act_1,Undirected,1
이상용_Dir_1,안세호_Act_1,Undirected,1
이상용_Dir_1,안재만_Act_1,Undirected,1
이상용_Dir_1,여성환_Act_1,Undirected,1
이상용_Dir_1,연예림_Act_1,Undirected,1
이상용_Dir_1,오명진_Act_1,Undirected,1
이상용_Dir_1,우강민_Act_1,Undirected,1
이상용_Dir_1,유인혁_Act_1,Undirected,1
이상용_Dir_1,윤병희_Act_1,Undirected,1
이상용_Dir_1,윤상돈_Act_1,Undirected,1
이상용_Dir_1,음문석_Act_1,Undirected,1
이상용_Dir_1,이관민_Act_1,Undirected,1
이상용_Dir_1,이광기_Act_1,Undirected,1
이상용_Dir_1,이규원_Act_1,Undirected,1
이상용_Dir_1,이다일_Act_1,Undirected,1
이상용_Dir_1,이도은_Act_1,Undirected,1
이상용_Dir_1,이동호_Act_1,Undirected,1
이상용_Dir_1,이명로_Act_1,Undirected,1
이상용_Dir_1,이명자_Act_1,Undirected,1
이상용_Dir_1,이문빈_Act_1,Undirected,1
이상용_Dir_1,이범수_Act_1,Undirected,1
이상용_Dir_1,이병희_Act_1,Undirected,1
이상용_Dir_1,이상원_Act_1,Undirected,1
이상용_Dir_1,이세호_Act_1,Undirected,1
이상용_Dir_1,이시형_Act_1,Undirected,1
이상용_Dir_1,이원행_Act_1,Undirected,1
이상용_Dir_1,이윤석_Act_1,Undirected,1
이상용_Dir_1,이재성_Act_1,Undirected,1
이상용_Dir_1,이재혁_Act_1,Undirected,2
이상용_Dir_1,이정환_Act_1,Undirected,1
이상용_Dir_1,이주원_Act_1,Undirected,1
이상용_Dir_1,이준혁_Act_1,Undirected,1
이상용_Dir_1,이지훈_Act_1,Undirected,1
이상용_Dir_1,이진한_Act_1,Undirected,1
이상용_Dir_1,이진희_Act_1,Undirected,1
이상용_Dir_1,이찬희_Act_1,Undirected,1
이상용_Dir_1,이창훈_Act_1,Undirected,1
이상용_Dir_1,이충구_Act_1,Undirected,1
이상용_Dir_1,이태규_Act_1,Undirected,2
이상용_Dir_1,이한솔_Act_1,Undirected,1
이상용_Dir_1,이해원_Act_1,Undirected,1
이상용_Dir_1,이형석_Act_1,Undirected,1
이상용_Dir_1,이혜지_Act_1,Undirected,1
이상용_Dir_1,이호철_Act_1,Undirected,1
이상용_Dir_1,임소현_Act_1,Undirected,1
이상용_Dir_1,임연빈_Act_1,Undirected,1
이상용_Dir_1,장용희_Act_1,Undirected,1
이상용_Dir_1,전국진_Act_1,Undirected,1
이상용_Dir_1,전민정_Act_1,Undirected,1
이상용_Dir_1,전석호_Act_1,Undirected,1
이상용_Dir_1,전아희_Act_1,Undirected,1
이상용_Dir_1,전재형_Act_1,Undirected,1
이상용_Dir_1,전정일_Act_1,Undirected,1
이상용_Dir_1,전진오_Act_1,Undirected,1
이상용_Dir_1,전찬원_Act_1,Undirected,1
이상용_Dir_1,정규영_Act_1,Undirected,1
이상용_Dir_1,정동룡_Act_1,Undirected,1
이상용_Dir_1,정명군_Act_1,Undirected,1
이상용_Dir_1,정무성_Act_1,Undirected,1
이상용_Dir_1,정미형_Act_1,Undirected,1
이상용_Dir_1,정수용_Act_1,Undirected,1
이상용_Dir_1,정수원_Act_1,Undirected,2
이상용_Dir_1,정수일_Act_1,Undirected,1
이상용_Dir_1,정우람_Act_1,Undirected,1
이상용_Dir_1,정우탁_Act_1,Undirected,1
이상용_Dir_1,정인기_Act_1,Undirected,1
이상용_Dir_1,정재광_Act_1,Undirected,1
이상용_Dir_1,정현옥_Act_1,Undirected,1
이상용_Dir_1,정호진_Act_1,Undirected,1
이상용_Dir_1,조용환_Act_1,Undirected,1
이상용_Dir_1,주예은_Act_1,Undirected,1
이상용_Dir_1,주혁_Act_1,Undirected,1
이상용_Dir_1,차우진_Act_1,Undirected,1
이상용_Dir_1,차재현_Act_1,Undirected,1
이상용_Dir_1,채건희_Act_1,Undirected,1
이상용_Dir_1,천준호_Act_1,Undirected,1
이상용_Dir_1,최광덕_Act_1,Undirected,1
이상용_Dir_1,최광제_Act_1,Undirected,1
이상용_Dir_1,최광희_Act_1,Undirected,1
이상용_Dir_1,최귀화_Act_1,Undirected,1
이상용_Dir_1,최동구_Act_1,Undirected,1
이상용_Dir_1,최우준_Act_1,Undirected,1
이상용_Dir_1,최원석_Act_1,Undirected,1
이상용_Dir_1,최재훈_Act_1,Undirected,1
이상용_Dir_1,최춘범_Act_1,Undirected,1
이상용_Dir_1,최태주_Act_1,Undirected,1
이상용_Dir_1,최현도_Act_1,Undirected,1
이상용_Dir_1,최형락_Act_1,Undirected,1
이상용_Dir_1,최형우_Act_1,Undirected,1
이상용_Dir_1,쿠니무라 준_Act_1,Undirected,1
이상용_Dir_1,하준_Act_1,Undirected,1
이상용_Dir_1,한규원_Act_1,Undirected,1
이상용_Dir_1,한기장_Act_1,Undirected,1
이상용_Dir_1,한상경_Act_1,Undirected,1
이상용_Dir_1,한상철_Act_1,Undirected,1
이상용_Dir_1,한우열_Act_1,Undirected,1
이상용_Dir_1,허동원_Act_1,Undirected,1
이상용_Dir_1,허승_Act_1,Undirected,1
이상용_Dir_1,홍상우_Act_1,Undirected,1
이상용_Dir_1,홍이주_Act_1,Undirected,1
이상용_Dir_1,홍준영_Act_1,Undirected,1
이상용_Dir_1,황순명_Act_1,Undirected,1
이상용_Dir_1,황정윤_Act_1,Undirected,1
이상훈_Dir_1,구하림_Act_1,Undirected,1
이상훈_Dir_1,권훈_Act_1,Undirected,1
이상훈_Dir_1,김민체_Act_1,Undirected,1
이상훈_Dir_1,김소희_Act_1,Undirected,1
이상훈_Dir_1,김정인_Act_1,Undirected,1
이상훈_Dir_1,김태형_Act_1,Undirected,1
이상훈_Dir_1,김현호_Act_1,Undirected,1
이상훈_Dir_1,노행하_Act_1,Undirected,1
이상훈_Dir_1,박현진_Act_1,Undirected,1
이상훈_Dir_1,서예안_Act_1,Undirected,1
이상훈_Dir_1,서지후_Act_1,Undirected,1
이상훈_Dir_1,송영재_Act_1,Undirected,1
이상훈_Dir_1,유지애_Act_1,Undirected,1
이상훈_Dir_1,윤성모_Act_1,Undirected,1
이상훈_Dir_1,이상훈_Act_1,Undirected,1
이상훈_Dir_1,이원석_Act_1,Undirected,1
이상훈_Dir_1,정재용_Act_1,Undirected,1
이상훈_Dir_1,차선우_Act_1,Undirected,1
이상훈_Dir_1,채민강_Act_1,Undirected,1
이상훈_Dir_1,최민_Act_1,Undirected,1
이상훈_Dir_1,함은정_Act_1,Undirected,1
이승준_Dir_1,강성하_Act_1,Undirected,1
이승준_Dir_1,강인서_Act_1,Undirected,1
이승준_Dir_1,강채빈_Act_1,Undirected,2
이승준_Dir_1,권재원_Act_1,Undirected,1
이승준_Dir_1,기윤_Act_1,Undirected,1
이승준_Dir_1,김명선_Act_1,Undirected,1
이승준_Dir_1,김서빈_Act_1,Undirected,1
이승준_Dir_1,김성식_Act_1,Undirected,1
이승준_Dir_1,김성환_Act_1,Undirected,1
이승준_Dir_1,김세희_Act_1,Undirected,1
이승준_Dir_1,김시윤_Act_1,Undirected,1
이승준_Dir_1,김용현_Act_1,Undirected,1
이승준_Dir_1,김재용_Act_1,Undirected,1
이승준_Dir_1,김재화_Act_1,Undirected,1
이승준_Dir_1,김준범_Act_1,Undirected,1
이승준_Dir_1,김지유_Act_1,Undirected,1
이승준_Dir_1,김태양_Act_1,Undirected,1
이승준_Dir_1,김하언_Act_1,Undirected,1
이승준_Dir_1,김형우_Act_1,Undirected,1
이승준_Dir_1,나수윤_Act_1,Undirected,1
이승준_Dir_1,나현정_Act_1,Undirected,1
이승준_Dir_1,문정희_Act_1,Undirected,1
이승준_Dir_1,박경혜_Act_1,Undirected,1
이승준_Dir_1,박명훈_Act_1,Undirected,1
이승준_Dir_1,박성웅_Act_1,Undirected,1
이승준_Dir_1,박수영_Act_1,Undirected,1
이승준_Dir_1,박수현_Act_1,Undirected,1
이승준_Dir_1,박영웅_Act_1,Undirected,1
이승준_Dir_1,박주용_Act_1,Undirected,1
이승준_Dir_1,박진우_Act_1,Undirected,1
이승준_Dir_1,박형준_Act_1,Undirected,1
이승준_Dir_1,박호산_Act_1,Undirected,1
이승준_Dir_1,방민아_Act_1,Undirected,1
이승준_Dir_1,배준수_Act_1,Undirected,2
이승준_Dir_1,백승철_Act_1,Undirected,1
이승준_Dir_1,서명찬_Act_1,Undirected,1
이승준_Dir_1,서지원_Act_1,Undirected,1
이승준_Dir_1,성민준_Act_1,Undirected,1
이승준_Dir_1,소계원_Act_1,Undirected,1
이승준_Dir_1,손병호_Act_1,Undirected,1
이승준_Dir_1,송새벽_Act_1,Undirected,1
이승준_Dir_1,신서현_Act_1,Undirected,1
이승준_Dir_1,신용욱_Act_1,Undirected,1
이승준_Dir_1,신정만_Act_1,Undirected,1
이승준_Dir_1,심우성_Act_1,Undirected,1
이승준_Dir_1,심재호_Act_1,Undirected,1
이승준_Dir_1,안도영_Act_1,Undirected,1
이승준_Dir_1,엄정화_Act_1,Undirected,1
이승준_Dir_1,여민구_Act_1,Undirected,1
이승준_Dir_1,여시현_Act_1,Undirected,1
이승준_Dir_1,오민석_Act_1,Undirected,1
이승준_Dir_1,유정호_Act_1,Undirected,1
이승준_Dir_1,윤옥길_Act_1,Undirected,1
이승준_Dir_1,윤현식_Act_1,Undirected,1
이승준_Dir_1,이경준_Act_1,Undirected,1
이승준_Dir_1,이동민_Act_1,Undirected,1
이승준_Dir_1,이시현_Act_1,Undirected,1
이승준_Dir_1,이원장_Act_1,Undirected,1
이승준_Dir_1,이유진_Act_1,Undirected,1
이승준_Dir_1,이윤규_Act_1,Undirected,1
이승준_Dir_1,이정현_Act_1,Undirected,1
이승준_Dir_1,이종민_Act_1,Undirected,1
이승준_Dir_1,임철형_Act_1,Undirected,1
이승준_Dir_1,장민수_Act_1,Undirected,1
이승준_Dir_1,전국향_Act_1,Undirected,1
이승준_Dir_1,전수지_Act_1,Undirected,1
이승준_Dir_1,정연_Act_1,Undirected,1
이승준_Dir_1,정영주_Act_1,Undirected,1
이승준_Dir_1,정윤서_Act_1,Undirected,2
이승준_Dir_1,정인기_Act_1,Undirected,1
이승준_Dir_1,정진우_Act_1,Undirected,1
이승준_Dir_1,정창현_Act_1,Undirected,1
이승준_Dir_1,조한준_Act_1,Undirected,1
이승준_Dir_1,진서연_Act_1,Undirected,1
이승준_Dir_1,채길병_Act_1,Undirected,1
이승준_Dir_1,최덕문_Act_1,Undirected,1
이승준_Dir_1,최문경_Act_1,Undirected,1
이승준_Dir_1,최배영_Act_1,Undirected,1
이승준_Dir_1,최백선_Act_1,Undirected,1
이승준_Dir_1,최예찬_Act_1,Undirected,1
이승준_Dir_1,최윤슬_Act_1,Undirected,1
이승준_Dir_1,최형_Act_1,Undirected,1
이승준_Dir_1,최홍일_Act_1,Undirected,1
이승준_Dir_1,하성광_Act_1,Undirected,1
이승준_Dir_1,하윤서_Act_1,Undirected,1
이승준_Dir_1,함상혁_Act_1,Undirected,1
이승준_Dir_1,화영진_Act_1,Undirected,1
이승준_Dir_1,황호균_Act_1,Undirected,1
장태령_Dir_1,강신구_Act_1,Undirected,1
장태령_Dir_1,김미영_Act_1,Undirected,1
장태령_Dir_1,문영_Act_1,Undirected,1
장태령_Dir_1,박찬익_Act_1,Undirected,2
장태령_Dir_1,박흥열_Act_1,Undirected,1
장태령_Dir_1,윤라영_Act_1,Undirected,1
장태령_Dir_1,이경영_Act_1,Undirected,2
장태령_Dir_1,일민_Act_1,Undirected,1
장태령_Dir_1,전지학_Act_1,Undirected,2
장태령_Dir_1,정선우_Act_1,Undirected,1
장태령_Dir_1,한태일_Act_1,Undirected,1
장태령_Dir_1,홍윤정_Act_1,Undirected,1
장항준_Dir_1,강신철_Act_1,Undirected,1
장항준_Dir_1,강애심_Act_1,Undirected,2
장항준_Dir_1,김민_Act_1,Undirected,1
장항준_Dir_1,김방선_Act_1,Undirected,1
장항준_Dir_1,김병준_Act_1,Undirected,1
장항준_Dir_1,김서원_Act_1,Undirected,1
장항준_Dir_1,김수진_Act_1,Undirected,2
장항준_Dir_1,김영훈_Act_1,Undirected,1
장항준_Dir_1,김용현_Act_1,Undirected,1
장항준_Dir_1,김정한_Act_1,Undirected,1
장항준_Dir_1,김종은_Act_1,Undirected,1
장항준_Dir_1,김회진_Act_1,Undirected,1
장항준_Dir_1,김희상_Act_1,Undirected,1
장항준_Dir_1,나현우_Act_1,Undirected,1
장항준_Dir_1,노경_Act_1,Undirected,1
장항준_Dir_1,민무제_Act_1,Undirected,1
장항준_Dir_1,박건우_Act_1,Undirected,1
장항준_Dir_1,박경관_Act_1,Undirected,1
장항준_Dir_1,박상면_Act_1,Undirected,1
장항준_Dir_1,박시환_Act_1,Undirected,1
장항준_Dir_1,박재민_Act_1,Undirected,1
장항준_Dir_1,배성일_Act_1,Undirected,1
장항준_Dir_1,배진완_Act_1,Undirected,1
장항준_Dir_1,백도겸_Act_1,Undirected,1
장항준_Dir_1,백재민_Act_1,Undirected,1
장항준_Dir_1,변진수_Act_1,Undirected,1
장항준_Dir_1,서영주_Act_1,Undirected,1
장항준_Dir_1,서자영_Act_1,Undirected,1
장항준_Dir_1,성도현_Act_1,Undirected,1
장항준_Dir_1,송예슬_Act_1,Undirected,1
장항준_Dir_1,송창규_Act_1,Undirected,1
장항준_Dir_1,안재홍_Act_1,Undirected,1
장항준_Dir_1,안정빈_Act_1,Undirected,1
장항준_Dir_1,안지호_Act_1,Undirected,1
장항준_Dir_1,양한열_Act_1,Undirected,1
장항준_Dir_1,오현수_Act_1,Undirected,1
장항준_Dir_1,유순웅_Act_1,Undirected,1
장항준_Dir_1,유인혁_Act_1,Undirected,1
장항준_Dir_1,유인혜_Act_1,Undirected,1
장항준_Dir_1,윤인조_Act_1,Undirected,1
장항준_Dir_1,이남우_Act_1,Undirected,1
장항준_Dir_1,이상원_Act_1,Undirected,1
장항준_Dir_1,이순원_Act_1,Undirected,2
장항준_Dir_1,이신영_Act_1,Undirected,1
장항준_Dir_1,이은주_Act_1,Undirected,1
장항준_Dir_1,이준서_Act_1,Undirected,1
장항준_Dir_1,이준혁_Act_1,Undirected,1
장항준_Dir_1,이진한_Act_1,Undirected,1
장항준_Dir_1,이진혁_Act_1,Undirected,1
장항준_Dir_1,이태영_Act_1,Undirected,1
장항준_Dir_1,이형석_Act_1,Undirected,1
장항준_Dir_1,장준혁_Act_1,Undirected,1
장항준_Dir_1,장현성_Act_1,Undirected,1
장항준_Dir_1,전영_Act_1,Undirected,1
장항준_Dir_1,정건주_Act_1,Undirected,1
장항준_Dir_1,정대경_Act_1,Undirected,1
장항준_Dir_1,정서인_Act_1,Undirected,1
장항준_Dir_1,정승원_Act_1,Undirected,1
장항준_Dir_1,정윤호_Act_1,Undirected,1
장항준_Dir_1,정진운_Act_1,Undirected,1
장항준_Dir_1,조윤담_Act_1,Undirected,1
장항준_Dir_1,조준기_Act_1,Undirected,1
장항준_Dir_1,최정윤_Act_1,Undirected,1
장항준_Dir_1,한대훈_Act_1,Undirected,1
장항준_Dir_1,한주희_Act_1,Undirected,1
장항준_Dir_1,현진호_Act_1,Undirected,1
장항준_Dir_1,홍성우_Act_1,Undirected,1
전우성_Dir_1,장률_Act_1,Undirected,2
전우성_Dir_1,전종서_Act_1,Undirected,2
전우성_Dir_1,진선규_Act_1,Undirected,2
정보없음_Dir_1,고규필_Act_1,Undirected,1
정보없음_Dir_1,김새해_Act_1,Undirected,1
정보없음_Dir_1,김영은_Act_1,Undirected,1
정보없음_Dir_1,김장_Act_1,Undirected,1
정보없음_Dir_1,김진영_Act_1,Undirected,1
정보없음_Dir_1,김채하_Act_1,Undirected,1
정보없음_Dir_1,사문영_Act_1,Undirected,1
정보없음_Dir_1,송하림_Act_1,Undirected,1
정보없음_Dir_1,신범식_Act_1,Undirected,1
정보없음_Dir_1,신용우_Act_1,Undirected,1
정보없음_Dir_1,심규혁_Act_1,Undirected,1
정보없음_Dir_1,안성진_Act_1,Undirected,1
정보없음_Dir_1,안소이_Act_1,Undirected,1
정보없음_Dir_1,안영미_Act_1,Undirected,1
정보없음_Dir_1,양정화_Act_1,Undirected,1
정보없음_Dir_1,여민정_Act_1,Undirected,1
정보없음_Dir_1,윤아영_Act_1,Undirected,1
정보없음_Dir_1,이소은_Act_1,Undirected,1
정보없음_Dir_1,정재헌_Act_1,Undirected,1
정보없음_Dir_1,조경이_Act_1,Undirected,1
정보없음_Dir_1,조여정_Act_1,Undirected,1
정보없음_Dir_1,조현정_Act_1,Undirected,1
정용기_Dir_1,강지혜_Act_1,Undirected,1
정용기_Dir_1,고윤_Act_1,Undirected,1
정용기_Dir_1,김강일_Act_1,Undirected,1
정용기_Dir_1,김광현_Act_1,Undirected,1
정용기_Dir_1,김구택_Act_1,Undirected,1
정용기_Dir_1,김나윤_Act_1,Undirected,1
정용기_Dir_1,김보라_Act_1,Undirected,1
정용기_Dir_1,김수미_Act_1,Undirected,1
정용기_Dir_1,김수진_Act_1,Undirected,1
정용기_Dir_1,김수현_Act_1,Undirected,1
정용기_Dir_1,김은민_Act_1,Undirected,1
정용기_Dir_1,김재현_Act_1,Undirected,1
정용기_Dir_1,김종원_Act_1,Undirected,1
정용기_Dir_1,박노아_Act_1,Undirected,1
정용기_Dir_1,박세정_Act_1,Undirected,1
정용기_Dir_1,박재한_Act_1,Undirected,1
정용기_Dir_1,서제광_Act_1,Undirected,1
정용기_Dir_1,소계원_Act_1,Undirected,1
정용기_Dir_1,신소율_Act_1,Undirected,1
정용기_Dir_1,엄채윤_Act_1,Undirected,1
정용기_Dir_1,유라_Act_1,Undirected,1
정용기_Dir_1,유채련_Act_1,Undirected,1
정용기_Dir_1,윤현민_Act_1,Undirected,1
정용기_Dir_1,이수아_Act_1,Undirected,1
정용기_Dir_1,이원희_Act_1,Undirected,1
정용기_Dir_1,이종성_Act_1,Undirected,1
정용기_Dir_1,이채훈_Act_1,Undirected,1
정용기_Dir_1,장준휘_Act_1,Undirected,1
정용기_Dir_1,정준하_Act_1,Undirected,1
정용기_Dir_1,조연호_Act_1,Undirected,1
정용기_Dir_1,진대연_Act_1,Undirected,1
정용기_Dir_1,최호영_Act_1,Undirected,1
정용기_Dir_1,추성훈_Act_1,Undirected,1
정용기_Dir_1,탁재훈_Act_1,Undirected,1
정용기_Dir_1,한여름_Act_1,Undirected,1
정용기_Dir_1,한희택_Act_1,Undirected,1
정용기_Dir_1,현명한_Act_1,Undirected,1
정용기_Dir_1,홍성민_Act_1,Undirected,1
정용기_Dir_1,황지후_Act_1,Undirected,1
정지환_Dir_1,강시현_Act_1,Undirected,2
정지환_Dir_1,김보나_Act_1,Undirected,1
정지환_Dir_1,김신우_Act_1,Undirected,1
정지환_Dir_1,김현욱_Act_1,Undirected,2
정지환_Dir_1,박윤희_Act_1,Undirected,2
정지환_Dir_1,송하림_Act_1,Undirected,1
정지환_Dir_1,안영미_Act_1,Undirected,1
정지환_Dir_1,엄상현_Act_1,Undirected,2
정지환_Dir_1,윤아영_Act_1,Undirected,2
정지환_Dir_1,정의진_Act_1,Undirected,1
정지환_Dir_1,정주원_Act_1,Undirected,1
정지환_Dir_1,조경이_Act_1,Undirected,1
정지환_Dir_1,홍범기_Act_1,Undirected,2
조바른_Dir_1,강유석_Act_1,Undirected,1
조바른_Dir_1,권오윤_Act_1,Undirected,1
조바른_Dir_1,길지혁_Act_1,Undirected,1
조바른_Dir_1,김다연_Act_1,Undirected,1
조바른_Dir_1,김대교_Act_1,Undirected,1
조바른_Dir_1,김대한_Act_1,Undirected,1
조바른_Dir_1,김동환_Act_1,Undirected,1
조바른_Dir_1,김보라_Act_1,Undirected,1
조바른_Dir_1,김상준_Act_1,Undirected,1
조바른_Dir_1,김선미_Act_1,Undirected,1
조바른_Dir_1,김선혜_Act_1,Undirected,1
조바른_Dir_1,김재화_Act_1,Undirected,1
조바른_Dir_1,김종호_Act_1,Undirected,1
조바른_Dir_1,김지웅_Act_1,Undirected,1
조바른_Dir_1,김진모_Act_1,Undirected,1
조바른_Dir_1,김현빈_Act_1,Undirected,1
조바른_Dir_1,김홍파_Act_1,Undirected,1
조바른_Dir_1,남이슬_Act_1,Undirected,1
조바른_Dir_1,노영애_Act_1,Undirected,1
조바른_Dir_1,노준표_Act_1,Undirected,1
조바른_Dir_1,류경우_Act_1,Undirected,1
조바른_Dir_1,박경복_Act_1,Undirected,1
조바른_Dir_1,박성대_Act_1,Undirected,1
조바른_Dir_1,박세현_Act_1,Undirected,1
조바른_Dir_1,박소진_Act_1,Undirected,1
조바른_Dir_1,박인수_Act_1,Undirected,1
조바른_Dir_1,박태산_Act_1,Undirected,1
조바른_Dir_1,박희본_Act_1,Undirected,1
조바른_Dir_1,배진아_Act_1,Undirected,1
조바른_Dir_1,백민현_Act_1,Undirected,1
조바른_Dir_1,서승현_Act_1,Undirected,1
조바른_Dir_1,서인성_Act_1,Undirected,1
조바른_Dir_1,서현우_Act_1,Undirected,1
조바른_Dir_1,성준_Act_1,Undirected,1
조바른_Dir_1,손병일_Act_1,Undirected,1
조바른_Dir_1,손우진_Act_1,Undirected,1
조바른_Dir_1,손이현_Act_1,Undirected,1
조바른_Dir_1,신윤섭_Act_1,Undirected,1
조바른_Dir_1,심소영_Act_1,Undirected,1
조바른_Dir_1,심우성_Act_1,Undirected,1
조바른_Dir_1,안지혜_Act_1,Undirected,1
조바른_Dir_1,안태현_Act_1,Undirected,1
조바른_Dir_1,오대환_Act_1,Undirected,1
조바른_Dir_1,옥윤중_Act_1,Undirected,1
조바른_Dir_1,왕우진_Act_1,Undirected,1
조바른_Dir_1,원현준_Act_1,Undirected,1
조바른_Dir_1,이가은혜_Act_1,Undirected,1
조바른_Dir_1,이관목_Act_1,Undirected,1
조바른_Dir_1,이다영_Act_1,Undirected,1
조바른_Dir_1,이도은_Act_1,Undirected,1
조바른_Dir_1,이동규_Act_1,Undirected,1
조바른_Dir_1,이동석_Act_1,Undirected,1
조바른_Dir_1,이동하_Act_1,Undirected,1
조바른_Dir_1,이라온_Act_1,Undirected,1
조바른_Dir_1,이민지_Act_1,Undirected,1
조바른_Dir_1,이석형_Act_1,Undirected,1
조바른_Dir_1,이세호_Act_1,Undirected,1
조바른_Dir_1,이승원_Act_1,Undirected,1
조바른_Dir_1,이유주_Act_1,Undirected,1
조바른_Dir_1,이은진_Act_1,Undirected,1
조바른_Dir_1,이찬규_Act_1,Undirected,1
조바른_Dir_1,이창훈_Act_1,Undirected,1
조바른_Dir_1,이채성_Act_1,Undirected,1
조바른_Dir_1,장근철_Act_1,Undirected,1
조바른_Dir_1,장민욱_Act_1,Undirected,1
조바른_Dir_1,정용현_Act_1,Undirected,1
조바른_Dir_1,정진우_Act_1,Undirected,1
조바른_Dir_1,조강위_Act_1,Undirected,1
조바른_Dir_1,조선기_Act_1,Undirected,1
조바른_Dir_1,조셉_Act_1,Undirected,1
조바른_Dir_1,조수향_Act_1,Undirected,1
조바른_Dir_1,지남혁_Act_1,Undirected,1
조바른_Dir_1,차영민_Act_1,Undirected,1
조바른_Dir_1,최서연_Act_1,Undirected,1
조바른_Dir_1,하인석_Act_1,Undirected,1
조바른_Dir_1,한서희_Act_1,Undirected,1
조바른_Dir_1,현봉식_Act_1,Undirected,1
조성규_Dir_1,김다현_Act_1,Undirected,1
조성규_Dir_1,김동완_Act_1,Undirected,1
조성규_Dir_1,김성제_Act_1,Undirected,1
조성규_Dir_1,김혜나_Act_1,Undirected,2
조성규_Dir_1,김홍택_Act_1,Undirected,1
조성규_Dir_1,남보라_Act_1,Undirected,1
조성규_Dir_1,민재웅_Act_1,Undirected,1
조성규_Dir_1,박경옥_Act_1,Undirected,1
조성규_Dir_1,박미영_Act_1,Undirected,1
조성규_Dir_1,박상준_Act_1,Undirected,1
조성규_Dir_1,박영찬_Act_1,Undirected,1
조성규_Dir_1,백익남_Act_1,Undirected,1
조성규_Dir_1,서준영_Act_1,Undirected,1
조성규_Dir_1,선민_Act_1,Undirected,2
조성규_Dir_1,설윤정_Act_1,Undirected,1
조성규_Dir_1,신소율_Act_1,Undirected,1
조성규_Dir_1,오지성_Act_1,Undirected,1
조성규_Dir_1,윤예희_Act_1,Undirected,1
조성규_Dir_1,이다혜_Act_1,Undirected,1
조성규_Dir_1,이상훈_Act_1,Undirected,1
조성규_Dir_1,이성순_Act_1,Undirected,1
조성규_Dir_1,이성종_Act_1,Undirected,1
조성규_Dir_1,이용민_Act_1,Undirected,1
조성규_Dir_1,이주실_Act_1,Undirected,1
조성규_Dir_1,정연주_Act_1,Undirected,3
조성규_Dir_1,주재윤_Act_1,Undirected,1
조성규_Dir_1,카이_Act_1,Undirected,1
최동훈_Dir_1,강기원_Act_1,Undirected,1
최동훈_Dir_1,강정민_Act_1,Undirected,1
최동훈_Dir_1,강차욱_Act_1,Undirected,1
최동훈_Dir_1,강춘선_Act_1,Undirected,1
최동훈_Dir_1,강한별_Act_1,Undirected,1
최동훈_Dir_1,고나영_Act_1,Undirected,1
최동훈_Dir_1,고유준_Act_1,Undirected,1
최동훈_Dir_1,구태일_Act_1,Undirected,1
최동훈_Dir_1,김강일_Act_1,Undirected,1
최동훈_Dir_1,김기천_Act_1,Undirected,1
최동훈_Dir_1,김단비_Act_1,Undirected,1
최동훈_Dir_1,김대명_Act_1,Undirected,1
최동훈_Dir_1,김루아_Act_1,Undirected,1
최동훈_Dir_1,김만호_Act_1,Undirected,1
최동훈_Dir_1,김문조_Act_1,Undirected,1
최동훈_Dir_1,김민서_Act_1,Undirected,1
최동훈_Dir_1,김민준_Act_1,Undirected,1
최동훈_Dir_1,김민체_Act_1,Undirected,1
최동훈_Dir_1,김민환_Act_1,Undirected,1
최동훈_Dir_1,김방선_Act_1,Undirected,1
최동훈_Dir_1,김빛나래_Act_1,Undirected,1
최동훈_Dir_1,김선혁_Act_1,Undirected,2
최동훈_Dir_1,김세정_Act_1,Undirected,1
최동훈_Dir_1,김세홍_Act_1,Undirected,1
최동훈_Dir_1,김솔로몬_Act_1,Undirected,1
최동훈_Dir_1,김수현_Act_1,Undirected,1
최동훈_Dir_1,김승준_Act_1,Undirected,1
최동훈_Dir_1,김예주_Act_1,Undirected,1
최동훈_Dir_1,김왕도_Act_1,Undirected,1
최동훈_Dir_1,김우빈_Act_1,Undirected,2
최동훈_Dir_1,김우현_Act_1,Undirected,1
최동훈_Dir_1,김윤도_Act_1,Undirected,1
최동훈_Dir_1,김의성_Act_1,Undirected,2
최동훈_Dir_1,김재현_Act_1,Undirected,1
최동훈_Dir_1,김정한_Act_1,Undirected,1
최동훈_Dir_1,김지선_Act_1,Undirected,1
최동훈_Dir_1,김진욱_Act_1,Undirected,1
최동훈_Dir_1,김찬형_Act_1,Undirected,1
최동훈_Dir_1,김태리_Act_1,Undirected,2
최동훈_Dir_1,김한솔_Act_1,Undirected,1
최동훈_Dir_1,김해숙_Act_1,Undirected,1
최동훈_Dir_1,김현식_Act_1,Undirected,1
최동훈_Dir_1,남지우_Act_1,Undirected,1
최동훈_Dir_1,류관후_Act_1,Undirected,1
최동훈_Dir_1,류준열_Act_1,Undirected,2
최동훈_Dir_1,문바롬_Act_1,Undirected,1
최동훈_Dir_1,민새희_Act_1,Undirected,1
최동훈_Dir_1,민정은_Act_1,Undirected,1
최동훈_Dir_1,박건률_Act_1,Undirected,1
최동훈_Dir_1,박광재_Act_1,Undirected,1
최동훈_Dir_1,박래영_Act_1,Undirected,1
최동훈_Dir_1,박무염_Act_1,Undirected,1
최동훈_Dir_1,박수진_Act_1,Undirected,1
최동훈_Dir_1,박수찬_Act_1,Undirected,1
최동훈_Dir_1,박시연_Act_1,Undirected,1
최동훈_Dir_1,박인규_Act_1,Undirected,1
최동훈_Dir_1,박종범_Act_1,Undirected,1
최동훈_Dir_1,배윤민_Act_1,Undirected,1
최동훈_Dir_1,백현주_Act_1,Undirected,1
최동훈_Dir_1,변진수_Act_1,Undirected,1
최동훈_Dir_1,서석규_Act_1,Undirected,1
최동훈_Dir_1,선인호_Act_1,Undirected,1
최동훈_Dir_1,성백인_Act_1,Undirected,1
최동훈_Dir_1,소지섭_Act_1,Undirected,1
최동훈_Dir_1,손주환_Act_1,Undirected,1
최동훈_Dir_1,송영광_Act_1,Undirected,1
최동훈_Dir_1,송지혁_Act_1,Undirected,1
최동훈_Dir_1,신정근_Act_1,Undirected,2
최동훈_Dir_1,신혜지_Act_1,Undirected,1
최동훈_Dir_1,심달기_Act_1,Undirected,1
최동훈_Dir_1,안재원_Act_1,Undirected,1
최동훈_Dir_1,양미선_Act_1,Undirected,1
최동훈_Dir_1,염정아_Act_1,Undirected,2
최동훈_Dir_1,오채은_Act_1,Undirected,1
최동훈_Dir_1,옥자연_Act_1,Undirected,1
최동훈_Dir_1,우상기_Act_1,Undirected,1
최동훈_Dir_1,위지웅_Act_1,Undirected,1
최동훈_Dir_1,유독현_Act_1,Undirected,1
최동훈_Dir_1,유재명_Act_1,Undirected,1
최동훈_Dir_1,윤경호_Act_1,Undirected,2
최동훈_Dir_1,윤병희_Act_1,Undirected,1
최동훈_Dir_1,윤상원_Act_1,Undirected,1
최동훈_Dir_1,이가현_Act_1,Undirected,1
최동훈_Dir_1,이동석_Act_1,Undirected,1
최동훈_Dir_1,이동용_Act_1,Undirected,1
최동훈_Dir_1,이동희_Act_1,Undirected,1
최동훈_Dir_1,이병욱_Act_1,Undirected,1
최동훈_Dir_1,이보영_Act_1,Undirected,1
최동훈_Dir_1,이선희_Act_1,Undirected,1
최동훈_Dir_1,이섭정_Act_1,Undirected,1
최동훈_Dir_1,이수진_Act_1,Undirected,1
최동훈_Dir_1,이시훈_Act_1,Undirected,2
최동훈_Dir_1,이원민_Act_1,Undirected,1
최동훈_Dir_1,이주혁_Act_1,Undirected,1
최동훈_Dir_1,이준창_Act_1,Undirected,1
최동훈_Dir_1,이태환_Act_1,Undirected,1
최동훈_Dir_1,이택근_Act_1,Undirected,1
최동훈_Dir_1,이하늬_Act_1,Undirected,2
최동훈_Dir_1,이하주_Act_1,Undirected,1
최동훈_Dir_1,이현걸_Act_1,Undirected,1
최동훈_Dir_1,이희규_Act_1,Undirected,1
최동훈_Dir_1,임보현_Act_1,Undirected,1
최동훈_Dir_1,임우진_Act_1,Undirected,1
최동훈_Dir_1,임재민_Act_1,Undirected,1
최동훈_Dir_1,장규식_Act_1,Undirected,1
최동훈_Dir_1,장석준_Act_1,Undirected,1
최동훈_Dir_1,장준휘_Act_1,Undirected,1
최동훈_Dir_1,전경희_Act_1,Undirected,1
최동훈_Dir_1,전아희_Act_1,Undirected,1
최동훈_Dir_1,전여빈_Act_1,Undirected,1
최동훈_Dir_1,전원표_Act_1,Undirected,1
최동훈_Dir_1,전은미_Act_1,Undirected,1
최동훈_Dir_1,전진기_Act_1,Undirected,1
최동훈_Dir_1,정민규_Act_1,Undirected,1
최동훈_Dir_1,정예서_Act_1,Undirected,1
최동훈_Dir_1,정지원_Act_1,Undirected,1
최동훈_Dir_1,조우진_Act_1,Undirected,2
최동훈_Dir_1,조운성_Act_1,Undirected,1
최동훈_Dir_1,조진결_Act_1,Undirected,1
최동훈_Dir_1,조하이_Act_1,Undirected,1
최동훈_Dir_1,조한길_Act_1,Undirected,1
최동훈_Dir_1,지건우_Act_1,Undirected,1
최동훈_Dir_1,지성은_Act_1,Undirected,1
최동훈_Dir_1,지한아_Act_1,Undirected,1
최동훈_Dir_1,진선규_Act_1,Undirected,1
최동훈_Dir_1,차영주_Act_1,Undirected,1
최동훈_Dir_1,최광제_Act_1,Undirected,1
최동훈_Dir_1,최미금_Act_1,Undirected,1
최동훈_Dir_1,최유리_Act_1,Undirected,1
최동훈_Dir_1,하시연_Act_1,Undirected,1
최동훈_Dir_1,한동훈_Act_1,Undirected,1
최동훈_Dir_1,한성수_Act_1,Undirected,1
최동훈_Dir_1,한수아_Act_1,Undirected,1
최동훈_Dir_1,한승윤_Act_1,Undirected,1
최동훈_Dir_1,한지훈_Act_1,Undirected,1
최동훈_Dir_1,현오봉_Act_1,Undirected,1
최동훈_Dir_1,황인직_Act_1,Undirected,1
최동훈_Dir_1,황재운_Act_1,Undirected,1
최재훈_Dir_1,고병완_Act_1,Undirected,1
최재훈_Dir_1,고상현_Act_1,Undirected,1
최재훈_Dir_1,고용석_Act_1,Undirected,1
최재훈_Dir_1,구본혁_Act_1,Undirected,1
최재훈_Dir_1,권오철_Act_1,Undirected,1
최재훈_Dir_1,김경우_Act_1,Undirected,1
최재훈_Dir_1,김광석_Act_1,Undirected,1
최재훈_Dir_1,김남우_Act_1,Undirected,1
최재훈_Dir_1,김남진_Act_1,Undirected,1
최재훈_Dir_1,김도연_Act_1,Undirected,1
최재훈_Dir_1,김도훈_Act_1,Undirected,1
최재훈_Dir_1,김동운_Act_1,Undirected,1
최재훈_Dir_1,김동철_Act_1,Undirected,1
최재훈_Dir_1,김동환_Act_1,Undirected,1
최재훈_Dir_1,김미소_Act_1,Undirected,1
최재훈_Dir_1,김민정_Act_1,Undirected,1
최재훈_Dir_1,김민준_Act_1,Undirected,1
최재훈_Dir_1,김선간_Act_1,Undirected,1
최재훈_Dir_1,김세빈_Act_1,Undirected,1
최재훈_Dir_1,김승준_Act_1,Undirected,1
최재훈_Dir_1,김용훈_Act_1,Undirected,1
최재훈_Dir_1,김주용_Act_1,Undirected,1
최재훈_Dir_1,김주호_Act_1,Undirected,1
최재훈_Dir_1,김진형_Act_1,Undirected,1
최재훈_Dir_1,김태경_Act_1,Undirected,1
최재훈_Dir_1,김태원_Act_1,Undirected,1
최재훈_Dir_1,김태진_Act_1,Undirected,1
최재훈_Dir_1,김홍경_Act_1,Undirected,1
최재훈_Dir_1,남민우_Act_1,Undirected,1
최재훈_Dir_1,문호진_Act_1,Undirected,1
최재훈_Dir_1,박경모_Act_1,Undirected,2
최재훈_Dir_1,박광복_Act_1,Undirected,1
최재훈_Dir_1,박근형_Act_1,Undirected,1
최재훈_Dir_1,박수지_Act_1,Undirected,1
최재훈_Dir_1,박영운_Act_1,Undirected,1
최재훈_Dir_1,박예슬_Act_1,Undirected,1
최재훈_Dir_1,박용균_Act_1,Undirected,1
최재훈_Dir_1,박재선_Act_1,Undirected,1
최재훈_Dir_1,박제하_Act_1,Undirected,1
최재훈_Dir_1,박준환_Act_1,Undirected,1
최재훈_Dir_1,박형준_Act_1,Undirected,1
최재훈_Dir_1,방병현_Act_1,Undirected,1
최재훈_Dir_1,방은정_Act_1,Undirected,1
최재훈_Dir_1,백진욱_Act_1,Undirected,1
최재훈_Dir_1,브루스 칸_Act_1,Undirected,1
최재훈_Dir_1,서이숙_Act_1,Undirected,1
최재훈_Dir_1,서지미_Act_1,Undirected,1
최재훈_Dir_1,소계원_Act_1,Undirected,1
최재훈_Dir_1,손병호_Act_1,Undirected,1
최재훈_Dir_1,손현주_Act_1,Undirected,1
최재훈_Dir_1,송지민_Act_1,Undirected,2
최재훈_Dir_1,신동길_Act_1,Undirected,1
최재훈_Dir_1,신승환_Act_1,Undirected,1
최재훈_Dir_1,신영찬_Act_1,Undirected,1
최재훈_Dir_1,심상용_Act_1,Undirected,1
최재훈_Dir_1,심영석_Act_1,Undirected,1
최재훈_Dir_1,양재희_Act_1,Undirected,1
최재훈_Dir_1,오유경_Act_1,Undirected,1
최재훈_Dir_1,오태승_Act_1,Undirected,1
최재훈_Dir_1,위민국_Act_1,Undirected,1
최재훈_Dir_1,유서진_Act_1,Undirected,1
최재훈_Dir_1,유시정_Act_1,Undirected,1
최재훈_Dir_1,윤기현_Act_1,Undirected,1
최재훈_Dir_1,윤택승_Act_1,Undirected,1
최재훈_Dir_1,이건구_Act_1,Undirected,1
최재훈_Dir_1,이광호_Act_1,Undirected,1
최재훈_Dir_1,이다윗_Act_1,Undirected,1
최재훈_Dir_1,이상엽_Act_1,Undirected,1
최재훈_Dir_1,이상희_Act_1,Undirected,1
최재훈_Dir_1,이서영_Act_1,Undirected,1
최재훈_Dir_1,이승준_Act_1,Undirected,1
최재훈_Dir_1,이준_Act_1,Undirected,1
최재훈_Dir_1,이채영_Act_1,Undirected,1
최재훈_Dir_1,이충식_Act_1,Undirected,1
최재훈_Dir_1,이태환_Act_1,Undirected,1
최재훈_Dir_1,이혜지_Act_1,Undirected,1
최재훈_Dir_1,임동은_Act_1,Undirected,1
최재훈_Dir_1,임승민_Act_1,Undirected,1
최재훈_Dir_1,임영희_Act_1,Undirected,1
최재훈_Dir_1,장유빈_Act_1,Undirected,1
최재훈_Dir_1,장재혁_Act_1,Undirected,1
최재훈_Dir_1,장혁_Act_1,Undirected,1
최재훈_Dir_1,전병윤_Act_1,Undirected,1
최재훈_Dir_1,전솔휘_Act_1,Undirected,1
최재훈_Dir_1,전시완_Act_1,Undirected,1
최재훈_Dir_1,전찬웅_Act_1,Undirected,1
최재훈_Dir_1,정성호_Act_1,Undirected,1
최재훈_Dir_1,정성훈_Act_1,Undirected,2
최재훈_Dir_1,정원석_Act_1,Undirected,1
최재훈_Dir_1,정윤철_Act_1,Undirected,1
최재훈_Dir_1,정지상_Act_1,Undirected,1
최재훈_Dir_1,정현옥_Act_1,Undirected,1
최재훈_Dir_1,조동혁_Act_1,Undirected,2
최재훈_Dir_1,조승원_Act_1,Undirected,1
최재훈_Dir_1,조제웅_Act_1,Undirected,1
최재훈_Dir_1,조한슬_Act_1,Undirected,1
최재훈_Dir_1,조현_Act_1,Undirected,1
최재훈_Dir_1,조현수_Act_1,Undirected,1
최재훈_Dir_1,좌승현_Act_1,Undirected,1
최재훈_Dir_1,차태현_Act_1,Undirected,1
최재훈_Dir_1,최기섭_Act_1,Undirected,1
최재훈_Dir_1,최민_Act_1,Undirected,1
최재훈_Dir_1,최영우_Act_1,Undirected,1
최재훈_Dir_1,최재옥_Act_1,Undirected,1
최재훈_Dir_1,최혜진_Act_1,Undirected,1
최재훈_Dir_1,한경미_Act_1,Undirected,1
최재훈_Dir_1,한정희_Act_1,Undirected,1
최재훈_Dir_1,홍서준_Act_1,Undirected,1
최재훈_Dir_1,황진모_Act_1,Undirected,1
최창환_Dir_1,강길우_Act_1,Undirected,2
최창환_Dir_1,강진아_Act_1,Undirected,1
최창환_Dir_1,김상동_Act_1,Undirected,1
최창환_Dir_1,김시은_Act_1,Undirected,1
최창환_Dir_1,김우겸_Act_1,Undirected,1
최창환_Dir_1,박수연_Act_1,Undirected,1
최창환_Dir_1,박인지_Act_1,Undirected,1
최창환_Dir_1,변중희_Act_1,Undirected,1
최창환_Dir_1,서석규_Act_1,Undirected,1
최창환_Dir_1,유해준_Act_1,Undirected,1
최창환_Dir_1,이가경_Act_1,Undirected,1
최창환_Dir_1,이나래_Act_1,Undirected,1
최창환_Dir_1,이한주_Act_1,Undirected,1
최창환_Dir_1,정수지_Act_1,Undirected,1
필감성_Dir_1,강덕중_Act_1,Undirected,1
필감성_Dir_1,강민재_Act_1,Undirected,1
필감성_Dir_1,강충훈_Act_1,Undirected,1
필감성_Dir_1,고민지_Act_1,Undirected,1
필감성_Dir_1,김보경_Act_1,Undirected,1
필감성_Dir_1,김시원_Act_1,Undirected,1
필감성_Dir_1,김윤섭_Act_1,Undirected,1
필감성_Dir_1,김재범_Act_1,Undirected,1
필감성_Dir_1,김재철_Act_1,Undirected,1
필감성_Dir_1,김정민_Act_1,Undirected,1
필감성_Dir_1,김주희_Act_1,Undirected,1
필감성_Dir_1,김진솔_Act_1,Undirected,1
필감성_Dir_1,김필_Act_1,Undirected,1
필감성_Dir_1,김형기_Act_1,Undirected,1
필감성_Dir_1,노은하_Act_1,Undirected,1
필감성_Dir_1,류경수_Act_1,Undirected,1
필감성_Dir_1,류성현_Act_1,Undirected,1
필감성_Dir_1,류승범_Act_1,Undirected,1
필감성_Dir_1,박경림_Act_1,Undirected,1
필감성_Dir_1,박성웅_Act_1,Undirected,1
필감성_Dir_1,박지윤_Act_1,Undirected,1
필감성_Dir_1,박혜영_Act_1,Undirected,1
필감성_Dir_1,백주희_Act_1,Undirected,1
필감성_Dir_1,신재영_Act_1,Undirected,1
필감성_Dir_1,신현종_Act_1,Undirected,1
필감성_Dir_1,안구희_Act_1,Undirected,1
필감성_Dir_1,오재세_Act_1,Undirected,1
필감성_Dir_1,오주환_Act_1,Undirected,1
필감성_Dir_1,우광제_Act_1,Undirected,1
필감성_Dir_1,우원규_Act_1,Undirected,1
필감성_Dir_1,유연석_Act_1,Undirected,1
필감성_Dir_1,유해진_Act_1,Undirected,1
필감성_Dir_1,윤상화_Act_1,Undirected,1
필감성_Dir_1,윤홍빈_Act_1,Undirected,1
필감성_Dir_1,은정완_Act_1,Undirected,1
필감성_Dir_1,이규원_Act_1,Undirected,1
필감성_Dir_1,이문석_Act_1,Undirected,1
필감성_Dir_1,이상근_Act_1,Undirected,1
필감성_Dir_1,이성민_Act_1,Undirected,2
필감성_Dir_1,이용재_Act_1,Undirected,1
필감성_Dir_1,이유미_Act_1,Undirected,1
필감성_Dir_1,이정은_Act_1,Undirected,1
필감성_Dir_1,이창인_Act_1,Undirected,1
필감성_Dir_1,이형길_Act_1,Undirected,1
필감성_Dir_1,이호정_Act_1,Undirected,1
필감성_Dir_1,임철수_Act_1,Undirected,1
필감성_Dir_1,임형태_Act_1,Undirected,1
필감성_Dir_1,장세원_Act_1,Undirected,1
필감성_Dir_1,장원경_Act_1,Undirected,1
필감성_Dir_1,전도연_Act_1,Undirected,1
필감성_Dir_1,전혜원_Act_1,Undirected,1
필감성_Dir_1,정근_Act_1,Undirected,1
필감성_Dir_1,정병두_Act_1,Undirected,1
필감성_Dir_1,정상균_Act_1,Undirected,1
필감성_Dir_1,정재원_Act_1,Undirected,1
필감성_Dir_1,정준현_Act_1,Undirected,1
필감성_Dir_1,조경현_Act_1,Undirected,1
필감성_Dir_1,조호천_Act_1,Undirected,1
필감성_Dir_1,주지훈_Act_1,Undirected,1
필감성_Dir_1,지남혁_Act_1,Undirected,1
필감성_Dir_1,최원_Act_1,Undirected,1
필감성_Dir_1,최필상_Act_1,Undirected,1
필감성_Dir_1,최현도_Act_1,Undirected,1
필감성_Dir_1,한규원_Act_1,Undirected,1
필감성_Dir_1,한성관_Act_1,Undirected,1
필감성_Dir_1,한영균_Act_1,Undirected,1
필감성_Dir_1,한훈_Act_1,Undirected,1
필감성_Dir_1,허남준_Act_1,Undirected,1
필감성_Dir_1,황정민_Act_1,Undirected,1
한경탁_Dir_1,박정철_Act_1,Undirected,2
한경탁_Dir_1,서지희_Act_1,Undirected,1
한경탁_Dir_1,신현탁_Act_1,Undirected,2
한경탁_Dir_1,오원빈_Act_1,Undirected,1
한경탁_Dir_1,유인영_Act_1,Undirected,1
한경탁_Dir_1,이미도_Act_1,Undirected,1
한경탁_Dir_1,이주미_Act_1,Undirected,1
한경탁_Dir_1,전서오_Act_1,Undirected,1
한경탁_Dir_1,조수빈_Act_1,Undirected,1
한경탁_Dir_1,최윤화_Act_1,Undirected,1
한명구_Dir_1,김가빈_Act_1,Undirected,1
한명구_Dir_1,김동현_Act_1,Undirected,1
한명구_Dir_1,김류경_Act_1,Undirected,1
한명구_Dir_1,김명호_Act_1,Undirected,1
한명구_Dir_1,김미선_Act_1,Undirected,1
한명구_Dir_1,김유행_Act_1,Undirected,1
한명구_Dir_1,김재근_Act_1,Undirected,1
한명구_Dir_1,김창조_Act_1,Undirected,1
한명구_Dir_1,김채리_Act_1,Undirected,1
한명구_Dir_1,김형일_Act_1,Undirected,2
한명구_Dir_1,김희라_Act_1,Undirected,1
한명구_Dir_1,박경흠_Act_1,Undirected,1
한명구_Dir_1,박서영_Act_1,Undirected,1
한명구_Dir_1,박선애_Act_1,Undirected,1
한명구_Dir_1,박승현_Act_1,Undirected,1
한명구_Dir_1,박영호_Act_1,Undirected,1
한명구_Dir_1,백경훈_Act_1,Undirected,1
한명구_Dir_1,변현식_Act_1,Undirected,1
한명구_Dir_1,설향_Act_1,Undirected,1
한명구_Dir_1,성낙범_Act_1,Undirected,1
한명구_Dir_1,안병경_Act_1,Undirected,2
한명구_Dir_1,안성경_Act_1,Undirected,1
한명구_Dir_1,안효진_Act_1,Undirected,1
한명구_Dir_1,연두홍_Act_1,Undirected,1
한명구_Dir_1,오대천_Act_1,Undirected,1
한명구_Dir_1,오상철_Act_1,Undirected,4
한명구_Dir_1,오안진_Act_1,Undirected,2
한명구_Dir_1,우명덕_Act_1,Undirected,2
한명구_Dir_1,유승희_Act_1,Undirected,1
한명구_Dir_1,유영미_Act_1,Undirected,2
한명구_Dir_1,윤진_Act_1,Undirected,1
한명구_Dir_1,이경림_Act_1,Undirected,1
한명구_Dir_1,이경선_Act_1,Undirected,1
한명구_Dir_1,이예진_Act_1,Undirected,1
한명구_Dir_1,이혜령_Act_1,Undirected,1
한명구_Dir_1,이흥윤_Act_1,Undirected,1
한명구_Dir_1,임송이_Act_1,Undirected,1
한명구_Dir_1,임연희_Act_1,Undirected,1
한명구_Dir_1,임영서_Act_1,Undirected,1
한명구_Dir_1,장건섭_Act_1,Undirected,1
한명구_Dir_1,장명운_Act_1,Undirected,1
한명구_Dir_1,장수애_Act_1,Undirected,1
한명구_Dir_1,장영희_Act_1,Undirected,2
한명구_Dir_1,정시아_Act_1,Undirected,1
한명구_Dir_1,정혜선_Act_1,Undirected,1
한명구_Dir_1,호령_Act_1,Undirected,1
한명구_Dir_1,홍석연_Act_1,Undirected,1
한명구_Dir_1,황태현_Act_1,Undirected,1
홍상수_Dir_1,강소이_Act_1,Undirected,1
홍상수_Dir_1,권해효_Act_1,Undirected,4
홍상수_Dir_1,기주봉_Act_1,Undirected,2
홍상수_Dir_1,김민희_Act_1,Undirected,4
홍상수_Dir_1,김소령_Act_1,Undirected,1
홍상수_Dir_1,김승윤_Act_1,Undirected,3
홍상수_Dir_1,김시하_Act_1,Undirected,1
홍상수_Dir_1,박미소_Act_1,Undirected,3
홍상수_Dir_1,서영화_Act_1,Undirected,1
홍상수_Dir_1,송선미_Act_1,Undirected,2
홍상수_Dir_1,신석호_Act_1,Undirected,2
홍상수_Dir_1,이은미_Act_1,Undirected,1
홍상수_Dir_1,이자벨 위페르_Act_1,Undirected,1
홍상수_Dir_1,이혜영_Act_1,Undirected,3
홍상수_Dir_1,조윤희_Act_1,Undirected,4
홍상수_Dir_1,하성국_Act_1,Undirected,4
황경성_Dir_1,구종근_Act_1,Undirected,1
황경성_Dir_1,김민지_Act_1,Undirected,1
황경성_Dir_1,김소원_Act_1,Undirected,1
황경성_Dir_1,김예지_Act_1,Undirected,1
황경성_Dir_1,김환_Act_1,Undirected,1
황경성_Dir_1,남규희_Act_1,Undirected,1
황경성_Dir_1,문지효_Act_1,Undirected,1
황경성_Dir_1,박상후_Act_1,Undirected,2
황경성_Dir_1,박선오_Act_1,Undirected,1
황경성_Dir_1,박성우_Act_1,Undirected,1
황경성_Dir_1,박영_Act_1,Undirected,1
황경성_Dir_1,박은우_Act_1,Undirected,2
황경성_Dir_1,박창현_Act_1,Undirected,1
황경성_Dir_1,박하연_Act_1,Undirected,1
황경성_Dir_1,박형섭_Act_1,Undirected,2
황경성_Dir_1,배유빈_Act_1,Undirected,1
황경성_Dir_1,배은영_Act_1,Undirected,2
황경성_Dir_1,서예희_Act_1,Undirected,1
황경성_Dir_1,서이서_Act_1,Undirected,1
황경성_Dir_1,송영숙_Act_1,Undirected,1
황경성_Dir_1,송인호_Act_1,Undirected,1
황경성_Dir_1,신지우_Act_1,Undirected,1
황경성_Dir_1,오정민_Act_1,Undirected,1
황경성_Dir_1,오채아_Act_1,Undirected,1
황경성_Dir_1,유연수_Act_1,Undirected,1
황경성_Dir_1,유정훈_Act_1,Undirected,1
황경성_Dir_1,유지완_Act_1,Undirected,1
황경성_Dir_1,이동찬_Act_1,Undirected,1
황경성_Dir_1,이성열_Act_1,Undirected,1
황경성_Dir_1,이승민_Act_1,Undirected,1
황경성_Dir_1,이승철_Act_1,Undirected,1
황경성_Dir_1,이유진_Act_1,Undirected,1
황경성_Dir_1,이중문_Act_1,Undirected,1
황경성_Dir_1,이지원_Act_1,Undirected,1
황경성_Dir_1,이효빈_Act_1,Undirected,1
황경성_Dir_1,정찬우_Act_1,Undirected,1
황경성_Dir_1,주수경_Act_1,Undirected,1
황경성_Dir_1,하수빈_Act_1,Undirected,1
황경성_Dir_1,한유리_Act_1,Undirected,1
황경성_Dir_1,한철수_Act_1,Undirected,1
