Id,Label,Type,MovieCount,Genres
김성환_Dir_1,김성환,Director,6,
박이웅_Dir_1,박이웅,Director,4,
신연식_Dir_1,신연식,Director,4,
김창주_Dir_1,김창주,Director,4,
구상범_Dir_1,구상범,Director,3,
박범수_Dir_1,박범수,Director,3,
정보없음_Dir_1,정보없음,Director,3,
정지환_Dir_1,정지환,Director,3,
오윤동_Dir_1,오윤동,Director,3,
박재석_Dir_1,박재석,Director,3,
류승완_Dir_1,류승완,Director,2,
장태령_Dir_1,장태령,Director,2,
홍상수_Dir_1,홍상수,Director,2,
김진영_Dir_1,김진영,Director,2,
김재훈_Dir_1,김재훈,Director,2,
이상훈_Dir_1,이상훈,Director,2,
박훈정_Dir_1,박훈정,Director,2,
김수인_Dir_1,김수인,Director,2,
이승준_Dir_1,이승준,Director,2,
최동훈_Dir_1,최동훈,Director,2,
김성수_Dir_1,김성수,Director,2,
김지운_Dir_1,김지운,Director,2,
김진홍_Dir_1,김진홍,Director,2,
김한민_Dir_1,김한민,Director,2,
민환기_Dir_1,민환기,Director,2,
이돈구_Dir_1,이돈구,Director,2,
김충길_Dir_1,김충길,Director,2,
조성규_Dir_1,조성규,Director,2,
김시우_Dir_1,김시우,Director,2,
한명구_Dir_1,한명구,Director,2,
한경탁_Dir_1,한경탁,Director,2,
강태호_Dir_1,강태호,Director,2,
권하_Dir_1,권하,Director,2,
장항준_Dir_1,장항준,Director,2,
최창환_Dir_1,최창환,Director,2,
신근호_Dir_1,신근호,Director,2,
필감성_Dir_1,필감성,Director,2,
백승기_Dir_1,백승기,Director,2,
김문옥_Dir_1,김문옥,Director,2,
이상용_Dir_1,이상용,Director,2,
정용기_Dir_1,정용기,Director,2,
전우성_Dir_1,전우성,Director,2,
박동기_Dir_1,박동기,Director,2,
이미리_Dir_1,이미리,Director,2,
조바른_Dir_1,조바른,Director,2,
김수정_Dir_1,김수정,Director,2,
황경성_Dir_1,황경성,Director,2,
김지훈_Dir_1,김지훈,Director,2,
최재훈_Dir_1,최재훈,Director,2,
김현우_Dir_1,김현우,Director,2,
민채연_Dir_1,민채연,Director,2,
임한성_Act_1,임한성,Actor,1,"['액션', '범죄']"
윤기창_Act_1,윤기창,Actor,1,['액션']
이지원_Act_1,이지원,Actor,2,"['액션', '범죄', '스릴러', '공포(호러)', '멜로/로맨스']"
조수빈_Act_1,조수빈,Actor,1,['드라마']
박지아_Act_1,박지아,Actor,1,"['액션', '드라마', '스릴러']"
이해준_Act_1,이해준,Actor,1,"['공연', '뮤지컬']"
이순원_Act_1,이순원,Actor,2,"['드라마', '스릴러', '미스터리']"
안재홍_Act_1,안재홍,Actor,1,['드라마']
이혜민_Act_1,이혜민,Actor,1,['멜로/로맨스']
유은영_Act_1,유은영,Actor,1,"['드라마', '가족']"
황대웅_Act_1,황대웅,Actor,1,"['드라마', '판타지', '멜로/로맨스']"
이동찬_Act_1,이동찬,Actor,1,"['공포(호러)', '멜로/로맨스']"
이철민_Act_1,이철민,Actor,1,"['액션', '스릴러', '범죄']"
한기장_Act_1,한기장,Actor,1,"['액션', '범죄']"
전재형_Act_1,전재형,Actor,1,"['액션', '범죄']"
이창균_Act_1,이창균,Actor,1,"['사극', '액션']"
이한솔_Act_1,이한솔,Actor,1,"['액션', '범죄']"
박정민_Act_1,박정민,Actor,2,"['드라마', '액션']"
고아라_Act_1,고아라,Actor,1,['액션']
정준화_Act_1,정준화,Actor,2,"['액션', '드라마']"
박진섭_Act_1,박진섭,Actor,1,"['드라마', '멜로/로맨스']"
김문수_Act_1,김문수,Actor,1,"['액션', '범죄']"
장률_Act_1,장률,Actor,2,"['기타', '스릴러']"
전진기_Act_1,전진기,Actor,3,"['액션', '스릴러', '드라마', 'SF', '판타지']"
김병탁_Act_1,김병탁,Actor,1,"['액션', '범죄']"
박청용_Act_1,박청용,Actor,1,"['액션', '범죄']"
정의진_Act_1,정의진,Actor,1,['애니메이션']
장솔_Act_1,장솔,Actor,1,"['액션', '스릴러']"
오원혁_Act_1,오원혁,Actor,1,['액션']
이미라_Act_1,이미라,Actor,1,['드라마']
정민규_Act_1,정민규,Actor,1,"['액션', 'SF', '판타지']"
박민지_Act_1,박민지,Actor,1,['코미디']
황지연_Act_1,황지연,Actor,1,"['액션', '코미디']"
김기정_Act_1,김기정,Actor,1,"['드라마', '액션']"
한봄_Act_1,한봄,Actor,2,"['액션', '드라마']"
김동훈_Act_1,김동훈,Actor,2,"['액션', '드라마']"
구교환_Act_1,구교환,Actor,1,"['액션', '드라마']"
권유나_Act_1,권유나,Actor,1,['드라마']
백승우_Act_1,백승우,Actor,1,"['드라마', '액션']"
안세호_Act_1,안세호,Actor,5,"['액션', '드라마', '사극', '범죄']"
문종일_Act_1,문종일,Actor,1,"['액션', '범죄']"
김형종_Act_1,김형종,Actor,1,"['코미디', '멜로/로맨스']"
윤호림_Act_1,윤호림,Actor,1,['드라마']
신여경_Act_1,신여경,Actor,1,['드라마']
이시영_Act_1,이시영,Actor,1,"['코미디', '멜로/로맨스']"
정창현_Act_1,정창현,Actor,1,"['스릴러', '범죄']"
인선호_Act_1,인선호,Actor,2,"['액션', '범죄']"
이경영_Act_1,이경영,Actor,2,"['전쟁', '드라마']"
손주환_Act_1,손주환,Actor,1,"['액션', 'SF', '판타지']"
신서현_Act_1,신서현,Actor,1,"['스릴러', '범죄']"
윤현민_Act_1,윤현민,Actor,1,['코미디']
임소현_Act_1,임소현,Actor,1,"['액션', '범죄']"
박현민_Act_1,박현민,Actor,1,"['액션', '범죄']"
류경수_Act_1,류경수,Actor,1,"['액션', '스릴러']"
김기천_Act_1,김기천,Actor,2,"['액션', 'SF', '판타지']"
한경미_Act_1,한경미,Actor,1,['액션']
정제우_Act_1,정제우,Actor,3,"['액션', '드라마', '스릴러', '범죄']"
김태희_Act_1,김태희,Actor,3,"['드라마', '액션']"
최주원_Act_1,최주원,Actor,1,['드라마']
김명연_Act_1,김명연,Actor,1,"['액션', '범죄']"
성준_Act_1,성준,Actor,1,['공포(호러)']
조영진_Act_1,조영진,Actor,1,"['코미디', '멜로/로맨스']"
박세완_Act_1,박세완,Actor,1,['드라마']
유라_Act_1,유라,Actor,1,['코미디']
장서희_Act_1,장서희,Actor,1,"['공포(호러)', '미스터리']"
김선호_Act_1,김선호,Actor,1,['액션']
김환_Act_1,김환,Actor,1,"['공포(호러)', '멜로/로맨스']"
조영민_Act_1,조영민,Actor,1,"['코미디', '멜로/로맨스']"
이세호_Act_1,이세호,Actor,2,"['액션', '범죄']"
전은주_Act_1,전은주,Actor,1,['드라마']
김지웅_Act_1,김지웅,Actor,1,['액션']
양정화_Act_1,양정화,Actor,1,"['판타지', '애니메이션', '어드벤처']"
권오철_Act_1,권오철,Actor,2,"['액션', '코미디']"
홍재균_Act_1,홍재균,Actor,1,"['액션', '범죄']"
배소영_Act_1,배소영,Actor,1,"['액션', '범죄']"
김태형_Act_1,김태형,Actor,2,"['드라마', '공연']"
김형우_Act_1,김형우,Actor,1,['코미디']
김성환_Act_1,김성환,Actor,1,['코미디']
황인직_Act_1,황인직,Actor,1,"['액션', 'SF', '판타지']"
최성락_Act_1,최성락,Actor,1,"['액션', '범죄']"
이창윤_Act_1,이창윤,Actor,1,['코미디']
원우_Act_1,원우,Actor,1,"['공연', '다큐멘터리']"
신정만_Act_1,신정만,Actor,1,"['스릴러', '범죄']"
공대유_Act_1,공대유,Actor,1,"['액션', '범죄']"
박인규_Act_1,박인규,Actor,1,"['액션', 'SF', '판타지']"
이재혁_Act_1,이재혁,Actor,2,"['액션', '범죄']"
유정호_Act_1,유정호,Actor,1,['코미디']
양요섭_Act_1,양요섭,Actor,1,['공연']
김태연_Act_1,김태연,Actor,1,"['SF', '가족', '멜로/로맨스']"
주효경_Act_1,주효경,Actor,1,['드라마']
전경희_Act_1,전경희,Actor,1,"['액션', 'SF', '판타지']"
염서현_Act_1,염서현,Actor,1,['미스터리']
오현승_Act_1,오현승,Actor,1,"['액션', '범죄']"
최민혁_Act_1,최민혁,Actor,1,['코미디']
김소진_Act_1,김소진,Actor,1,"['액션', '드라마']"
이유미_Act_1,이유미,Actor,1,"['액션', '스릴러']"
박광복_Act_1,박광복,Actor,2,"['사극', '액션', '스릴러', '공포(호러)']"
장정희_Act_1,장정희,Actor,1,"['코미디', '멜로/로맨스']"
문해민_Act_1,문해민,Actor,1,['멜로/로맨스']
정연신_Act_1,정연신,Actor,1,"['드라마', '액션']"
김서준_Act_1,김서준,Actor,3,"['사극', '액션', '드라마']"
김지유_Act_1,김지유,Actor,1,"['스릴러', '범죄']"
엄상현_Act_1,엄상현,Actor,2,['애니메이션']
최하윤_Act_1,최하윤,Actor,1,"['공포(호러)', '스릴러', '미스터리']"
이재윤_Act_1,이재윤,Actor,1,['드라마']
한여름_Act_1,한여름,Actor,2,"['공포(호러)', '미스터리', '코미디', '멜로/로맨스']"
정성훈_Act_1,정성훈,Actor,2,['액션']
정종훈_Act_1,정종훈,Actor,2,"['사극', '액션', '드라마']"
이시안_Act_1,이시안,Actor,2,"['사극', '액션', '드라마']"
이시훈_Act_1,이시훈,Actor,3,"['액션', '기타', '드라마', 'SF', '판타지']"
전상원_Act_1,전상원,Actor,2,"['드라마', '액션']"
권오숙_Act_1,권오숙,Actor,1,"['드라마', '판타지', '멜로/로맨스']"
김무성_Act_1,김무성,Actor,1,"['액션', '범죄']"
조호천_Act_1,조호천,Actor,1,"['액션', '스릴러']"
정교_Act_1,정교,Actor,1,"['액션', '범죄']"
이규탁_Act_1,이규탁,Actor,5,"['사극', '액션', '드라마', '범죄']"
차승원_Act_1,차승원,Actor,1,['코미디']
박현진_Act_1,박현진,Actor,1,['드라마']
서지원_Act_1,서지원,Actor,3,"['드라마', '멜로/로맨스', '스릴러', '범죄']"
한규원_Act_1,한규원,Actor,3,"['드라마', '액션', '스릴러', '범죄']"
이주연_Act_1,이주연,Actor,1,"['액션', '드라마', '스릴러']"
차재훈_Act_1,차재훈,Actor,1,['멜로/로맨스']
김지원_Act_1,김지원,Actor,1,['드라마']
임수현_Act_1,임수현,Actor,1,"['액션', '코미디']"
손동제_Act_1,손동제,Actor,1,"['액션', '스릴러', '범죄']"
손지나_Act_1,손지나,Actor,1,"['코미디', '멜로/로맨스']"
김인묵_Act_1,김인묵,Actor,1,"['액션', '범죄']"
임성균_Act_1,임성균,Actor,2,"['드라마', '코미디']"
문영_Act_1,문영,Actor,1,"['전쟁', '드라마']"
홍산_Act_1,홍산,Actor,1,['드라마']
황성웅_Act_1,황성웅,Actor,3,"['사극', '액션', '드라마']"
배유빈_Act_1,배유빈,Actor,1,['멜로/로맨스']
권재원_Act_1,권재원,Actor,1,['코미디']
김하언_Act_1,김하언,Actor,1,"['스릴러', '범죄']"
김영원_Act_1,김영원,Actor,1,['드라마']
탁재형_Act_1,탁재형,Actor,1,"['SF', '가족', '멜로/로맨스']"
장세원_Act_1,장세원,Actor,1,"['액션', '스릴러']"
김하영_Act_1,김하영,Actor,1,"['공포(호러)', '미스터리']"
이루겸_Act_1,이루겸,Actor,3,"['액션', '드라마', '범죄']"
이풍운_Act_1,이풍운,Actor,1,"['액션', '범죄']"
최백구_Act_1,최백구,Actor,1,['드라마']
손우현_Act_1,손우현,Actor,1,"['액션', '코미디']"
박정환_Act_1,박정환,Actor,1,"['공포(호러)', '스릴러', '미스터리']"
조윤상_Act_1,조윤상,Actor,1,"['드라마', '액션']"
안내상_Act_1,안내상,Actor,1,['드라마']
김민상_Act_1,김민상,Actor,1,"['사극', '액션']"
안예림_Act_1,안예림,Actor,1,"['공포(호러)', '미스터리']"
고동옥_Act_1,고동옥,Actor,1,"['액션', '범죄']"
유하람_Act_1,유하람,Actor,1,"['액션', '범죄']"
김성오_Act_1,김성오,Actor,2,['드라마']
이재인_Act_1,이재인,Actor,1,"['액션', '스릴러']"
정구명_Act_1,정구명,Actor,1,"['액션', '범죄']"
김남우_Act_1,김남우,Actor,2,"['드라마', '공포(호러)', '스릴러']"
조한준_Act_1,조한준,Actor,2,"['액션', '스릴러', '코미디', '범죄']"
신연재_Act_1,신연재,Actor,3,"['드라마', '코미디']"
조한길_Act_1,조한길,Actor,1,"['액션', 'SF', '판타지']"
민새희_Act_1,민새희,Actor,1,"['액션', 'SF', '판타지']"
김혜나_Act_1,김혜나,Actor,3,"['드라마', '코미디']"
박영_Act_1,박영,Actor,1,"['공포(호러)', '멜로/로맨스']"
유해진_Act_1,유해진,Actor,1,"['액션', '스릴러']"
선민_Act_1,선민,Actor,2,"['전쟁', '드라마']"
박영운_Act_1,박영운,Actor,1,['액션']
김나연_Act_1,김나연,Actor,2,"['공연', '뮤지컬']"
김세환_Act_1,김세환,Actor,1,"['드라마', '코미디']"
손민준_Act_1,손민준,Actor,1,['미스터리']
정성렬_Act_1,정성렬,Actor,1,"['공포(호러)', '스릴러', '미스터리']"
김세빈_Act_1,김세빈,Actor,1,['액션']
문경린_Act_1,문경린,Actor,1,"['액션', '범죄']"
전시완_Act_1,전시완,Actor,1,['액션']
박현일_Act_1,박현일,Actor,1,['드라마']
이채훈_Act_1,이채훈,Actor,1,"['공포(호러)', '미스터리']"
손인용_Act_1,손인용,Actor,1,"['액션', '범죄']"
이제훈_Act_1,이제훈,Actor,1,"['사극', '액션']"
신재영_Act_1,신재영,Actor,2,"['사극', '액션', '스릴러']"
권태호_Act_1,권태호,Actor,1,"['액션', '범죄']"
천정희_Act_1,천정희,Actor,1,"['액션', '서부극(웨스턴)', '코미디']"
장석준_Act_1,장석준,Actor,1,"['액션', 'SF', '판타지']"
정예지_Act_1,정예지,Actor,1,['액션']
황재열_Act_1,황재열,Actor,1,"['액션', '코미디']"
김우영_Act_1,김우영,Actor,1,"['액션', '드라마']"
구본웅_Act_1,구본웅,Actor,1,['액션']
손대민_Act_1,손대민,Actor,3,"['사극', '액션', '드라마']"
이화정_Act_1,이화정,Actor,1,"['액션', '드라마']"
김정회_Act_1,김정회,Actor,1,"['드라마', '가족']"
방정민_Act_1,방정민,Actor,1,['드라마']
조원희_Act_1,조원희,Actor,1,"['액션', '범죄']"
조강위_Act_1,조강위,Actor,1,['액션']
서이숙_Act_1,서이숙,Actor,1,"['공포(호러)', '스릴러']"
김류경_Act_1,김류경,Actor,4,"['드라마', '범죄']"
임연비_Act_1,임연비,Actor,1,"['공포(호러)', '판타지']"
김태근_Act_1,김태근,Actor,2,"['액션', '드라마']"
김경환_Act_1,김경환,Actor,1,['코미디']
김용석_Act_1,김용석,Actor,2,"['액션', '드라마', '스릴러', '코미디']"
김민정_Act_1,김민정,Actor,1,"['공포(호러)', '스릴러']"
전누림_Act_1,전누림,Actor,1,['드라마']
김동화_Act_1,김동화,Actor,1,"['액션', '드라마']"
오만석_Act_1,오만석,Actor,2,"['드라마', '가족']"
주보비_Act_1,주보비,Actor,3,"['액션', '드라마', '범죄']"
이규영_Act_1,이규영,Actor,1,['액션']
윤인조_Act_1,윤인조,Actor,1,['드라마']
염지영_Act_1,염지영,Actor,1,['드라마']
박성준_Act_1,박성준,Actor,1,"['액션', '코미디']"
이충훈_Act_1,이충훈,Actor,1,"['액션', '범죄']"
김은민_Act_1,김은민,Actor,1,"['공포(호러)', '미스터리']"
고기혁_Act_1,고기혁,Actor,1,"['드라마', '액션']"
예수정_Act_1,예수정,Actor,1,"['액션', '코미디']"
김경우_Act_1,김경우,Actor,1,['액션']
성여진_Act_1,성여진,Actor,1,['드라마']
이지운_Act_1,이지운,Actor,2,"['액션', '드라마']"
김석진_Act_1,김석진,Actor,1,['공연']
설재근_Act_1,설재근,Actor,1,"['스릴러', '범죄']"
민규_Act_1,민규,Actor,1,"['공연', '다큐멘터리']"
박효근_Act_1,박효근,Actor,4,"['드라마', '공포(호러)', '판타지', '범죄']"
최원영_Act_1,최원영,Actor,1,"['공포(호러)', '스릴러', '미스터리']"
김건우_Act_1,김건우,Actor,2,"['드라마', '코미디']"
조근직_Act_1,조근직,Actor,2,"['액션', '코미디', 'SF', '서부극(웨스턴)', '가족', '멜로/로맨스']"
임철형_Act_1,임철형,Actor,2,"['드라마', '스릴러', '범죄']"
김동현_Act_1,김동현,Actor,4,"['드라마', '액션', '코미디']"
서이서_Act_1,서이서,Actor,1,['멜로/로맨스']
전광진_Act_1,전광진,Actor,1,"['액션', '스릴러']"
박경혜_Act_1,박경혜,Actor,4,"['액션', '드라마', '스릴러', '범죄']"
김회진_Act_1,김회진,Actor,1,['드라마']
김민재_Act_1,김민재,Actor,5,"['액션', '코미디', '범죄', '드라마', '미스터리', '공포(호러)']"
차태현_Act_1,차태현,Actor,1,['액션']
김건보_Act_1,김건보,Actor,2,"['액션', '드라마']"
양진서_Act_1,양진서,Actor,1,"['드라마', '판타지', '멜로/로맨스']"
조성진_Act_1,조성진,Actor,1,['멜로/로맨스']
홍은정_Act_1,홍은정,Actor,1,"['드라마', '액션']"
안정빈_Act_1,안정빈,Actor,1,['드라마']
유재연_Act_1,유재연,Actor,1,"['액션', '범죄']"
김찬형_Act_1,김찬형,Actor,2,"['액션', 'SF', '판타지', '범죄']"
이채성_Act_1,이채성,Actor,1,['액션']
이희경_Act_1,이희경,Actor,1,"['액션', '드라마']"
박재선_Act_1,박재선,Actor,1,['액션']
지이수_Act_1,지이수,Actor,2,"['드라마', '코미디', '멜로/로맨스']"
노희국_Act_1,노희국,Actor,1,"['액션', '범죄']"
배준수_Act_1,배준수,Actor,4,"['액션', '스릴러', '코미디', '범죄']"
김영호_Act_1,김영호,Actor,2,"['액션', '드라마']"
백수장_Act_1,백수장,Actor,1,"['액션', '코미디']"
김의성_Act_1,김의성,Actor,3,"['액션', '기타', '드라마', 'SF', '판타지']"
이호철_Act_1,이호철,Actor,1,"['액션', '범죄']"
정해인_Act_1,정해인,Actor,2,"['액션', '드라마', '범죄']"
김호연_Act_1,김호연,Actor,2,"['액션', '드라마']"
김다흰_Act_1,김다흰,Actor,1,['드라마']
신석호_Act_1,신석호,Actor,2,['드라마']
전정국_Act_1,전정국,Actor,1,['공연']
이미은_Act_1,이미은,Actor,1,['드라마']
유정훈_Act_1,유정훈,Actor,1,['멜로/로맨스']
정용락_Act_1,정용락,Actor,1,['코미디']
최재훈_Act_1,최재훈,Actor,1,"['액션', '범죄']"
김성규_Act_1,김성규,Actor,3,"['사극', '액션', '드라마']"
이슬기_Act_1,이슬기,Actor,1,"['드라마', '액션']"
이형동_Act_1,이형동,Actor,1,"['드라마', '액션']"
안성민_Act_1,안성민,Actor,1,"['드라마', '액션']"
이민지_Act_1,이민지,Actor,1,['액션']
홍윤정_Act_1,홍윤정,Actor,1,"['전쟁', '드라마']"
박효은_Act_1,박효은,Actor,2,"['드라마', '공연', '뮤지컬']"
김서빈_Act_1,김서빈,Actor,2,"['사극', '액션', '스릴러', '범죄']"
김성대_Act_1,김성대,Actor,1,"['드라마', '액션']"
김현섭_Act_1,김현섭,Actor,1,"['액션', '범죄']"
양영문_Act_1,양영문,Actor,1,['드라마']
이경림_Act_1,이경림,Actor,1,['드라마']
남동현_Act_1,남동현,Actor,1,"['액션', '범죄']"
박소을_Act_1,박소을,Actor,1,['드라마']
민대웅_Act_1,민대웅,Actor,1,"['액션', '드라마']"
한대훈_Act_1,한대훈,Actor,2,"['사극', '액션', '드라마']"
안희주_Act_1,안희주,Actor,1,"['코미디', '멜로/로맨스']"
장명운_Act_1,장명운,Actor,1,['드라마']
정재헌_Act_1,정재헌,Actor,1,['애니메이션']
심재원_Act_1,심재원,Actor,1,"['스릴러', '범죄']"
이성종_Act_1,이성종,Actor,1,['드라마']
정수일_Act_1,정수일,Actor,1,"['액션', '범죄']"
이소민_Act_1,이소민,Actor,1,"['액션', '범죄']"
변정수_Act_1,변정수,Actor,1,"['액션', '범죄']"
한종훈_Act_1,한종훈,Actor,2,"['드라마', '코미디', '멜로/로맨스']"
정하영_Act_1,정하영,Actor,1,"['사극', '액션']"
최소라_Act_1,최소라,Actor,1,"['코미디', '멜로/로맨스']"
김영조_Act_1,김영조,Actor,2,"['액션', '범죄']"
송지혁_Act_1,송지혁,Actor,1,"['액션', 'SF', '판타지']"
조경현_Act_1,조경현,Actor,2,"['드라마', '액션', '스릴러']"
심달기_Act_1,심달기,Actor,1,"['액션', 'SF', '판타지']"
김신우_Act_1,김신우,Actor,1,['애니메이션']
김담호_Act_1,김담호,Actor,1,"['드라마', '가족']"
신시아_Act_1,신시아,Actor,1,['액션']
김영웅_Act_1,김영웅,Actor,2,"['액션', '드라마']"
조명연_Act_1,조명연,Actor,1,['미스터리']
박소연_Act_1,박소연,Actor,1,['드라마']
정혜자_Act_1,정혜자,Actor,1,"['액션', '범죄']"
전진오_Act_1,전진오,Actor,1,"['액션', '범죄']"
박재찬_Act_1,박재찬,Actor,1,['멜로/로맨스']
이혜령_Act_1,이혜령,Actor,1,['드라마']
서현우_Act_1,서현우,Actor,1,['공포(호러)']
한창현_Act_1,한창현,Actor,1,['드라마']
정상훈_Act_1,정상훈,Actor,1,"['공포(호러)', '스릴러', '미스터리']"
김충길_Act_1,김충길,Actor,5,"['액션', '드라마', '코미디']"
류준열_Act_1,류준열,Actor,2,"['기타', '액션', '판타지', 'SF']"
박현욱_Act_1,박현욱,Actor,1,"['사극', '액션']"
박연_Act_1,박연,Actor,1,"['사극', '액션']"
전정일_Act_1,전정일,Actor,2,"['액션', '범죄', '드라마', '판타지', '멜로/로맨스']"
박재한_Act_1,박재한,Actor,1,"['공포(호러)', '미스터리']"
나윤서_Act_1,나윤서,Actor,1,['드라마']
장한솔_Act_1,장한솔,Actor,2,"['액션', '드라마']"
구하림_Act_1,구하림,Actor,1,['드라마']
윤영석_Act_1,윤영석,Actor,1,"['공연', '뮤지컬']"
양서윤_Act_1,양서윤,Actor,1,['뮤지컬']
이승헌_Act_1,이승헌,Actor,1,"['사극', '액션']"
정찬우_Act_1,정찬우,Actor,2,"['공포(호러)', '미스터리', '멜로/로맨스']"
홍승일_Act_1,홍승일,Actor,1,"['드라마', '판타지', '멜로/로맨스']"
지대한_Act_1,지대한,Actor,1,['드라마']
전찬원_Act_1,전찬원,Actor,1,"['액션', '범죄']"
오안진_Act_1,오안진,Actor,2,['드라마']
이다일_Act_1,이다일,Actor,2,"['액션', '범죄']"
정성화_Act_1,정성화,Actor,1,"['공연', '뮤지컬']"
최재옥_Act_1,최재옥,Actor,1,['액션']
박경순_Act_1,박경순,Actor,1,"['액션', '스릴러', '범죄']"
이다영_Act_1,이다영,Actor,1,['액션']
이원희_Act_1,이원희,Actor,2,"['사극', '액션', '미스터리', '공포(호러)']"
김경록_Act_1,김경록,Actor,1,"['액션', '범죄']"
이상묵_Act_1,이상묵,Actor,1,"['드라마', '액션']"
조이안_Act_1,조이안,Actor,1,"['액션', '범죄']"
최웅희_Act_1,최웅희,Actor,1,"['액션', '드라마', '스릴러']"
김춘봉_Act_1,김춘봉,Actor,1,['드라마']
박용균_Act_1,박용균,Actor,1,['액션']
최기표_Act_1,최기표,Actor,1,"['사극', '액션']"
문정웅_Act_1,문정웅,Actor,1,"['드라마', '가족']"
조셉_Act_1,조셉,Actor,1,['공포(호러)']
이서아_Act_1,이서아,Actor,1,"['액션', '범죄']"
김광용_Act_1,김광용,Actor,1,['미스터리']
한철수_Act_1,한철수,Actor,1,['멜로/로맨스']
이형석_Act_1,이형석,Actor,2,"['액션', '드라마', '범죄']"
김다운_Act_1,김다운,Actor,1,['다큐멘터리']
최용욱_Act_1,최용욱,Actor,1,"['드라마', '스릴러']"
김광재_Act_1,김광재,Actor,1,"['액션', '코미디']"
홍원표_Act_1,홍원표,Actor,1,['액션']
문정환_Act_1,문정환,Actor,1,"['사극', '액션']"
정해균_Act_1,정해균,Actor,1,"['드라마', '액션']"
허이진_Act_1,허이진,Actor,1,['멜로/로맨스']
안대겸_Act_1,안대겸,Actor,1,"['액션', '범죄']"
송이우_Act_1,송이우,Actor,1,"['액션', '범죄']"
강정민_Act_1,강정민,Actor,1,"['액션', 'SF', '판타지']"
이남우_Act_1,이남우,Actor,1,['드라마']
최우준_Act_1,최우준,Actor,1,"['액션', '범죄']"
안상태_Act_1,안상태,Actor,1,"['액션', '범죄']"
김한민_Act_1,김한민,Actor,2,"['액션', '드라마']"
이지영_Act_1,이지영,Actor,1,"['사극', '액션']"
김시윤_Act_1,김시윤,Actor,1,['코미디']
김수현_Act_1,김수현,Actor,2,"['액션', 'SF', '미스터리', '공포(호러)', '판타지']"
이태환_Act_1,이태환,Actor,2,"['액션', '스릴러', 'SF', '공포(호러)', '판타지']"
김기두_Act_1,김기두,Actor,1,"['액션', '코미디']"
곽장륜_Act_1,곽장륜,Actor,1,"['액션', '범죄']"
박현우_Act_1,박현우,Actor,1,['드라마']
이규형_Act_1,이규형,Actor,1,"['사극', '액션']"
장혁준_Act_1,장혁준,Actor,2,"['액션', '멜로/로맨스', '코미디', '범죄']"
이경선_Act_1,이경선,Actor,1,['드라마']
이상희_Act_1,이상희,Actor,3,"['액션', '스릴러', '드라마', '공포(호러)', '판타지', '멜로/로맨스']"
연원모_Act_1,연원모,Actor,1,"['사극', '액션']"
우아름_Act_1,우아름,Actor,1,['드라마']
박지영_Act_1,박지영,Actor,3,"['드라마', '액션', '코미디', '범죄']"
설찬미_Act_1,설찬미,Actor,1,"['코미디', '멜로/로맨스']"
안구희_Act_1,안구희,Actor,1,"['액션', '스릴러']"
민이수_Act_1,민이수,Actor,1,"['액션', '스릴러', '범죄']"
박성현_Act_1,박성현,Actor,2,"['사극', '액션']"
이용민_Act_1,이용민,Actor,1,['드라마']
한지철_Act_1,한지철,Actor,1,"['액션', '서부극(웨스턴)', '코미디']"
강정임_Act_1,강정임,Actor,1,['드라마']
이강민_Act_1,이강민,Actor,1,"['액션', '스릴러', '범죄']"
사문영_Act_1,사문영,Actor,1,['애니메이션']
박희본_Act_1,박희본,Actor,1,['액션']
윤종구_Act_1,윤종구,Actor,1,['액션']
이정은_Act_1,이정은,Actor,1,"['공포(호러)', '스릴러']"
장래군_Act_1,장래군,Actor,1,"['코미디', '멜로/로맨스']"
셔누_Act_1,셔누,Actor,1,['다큐멘터리']
홍택근_Act_1,홍택근,Actor,2,"['액션', '드라마', '스릴러', '범죄']"
김혜영_Act_1,김혜영,Actor,1,['미스터리']
서지미_Act_1,서지미,Actor,1,"['공포(호러)', '스릴러']"
방은정_Act_1,방은정,Actor,1,['액션']
이기광_Act_1,이기광,Actor,1,['공연']
반영경_Act_1,반영경,Actor,1,['다큐멘터리']
유민주_Act_1,유민주,Actor,2,"['액션', '드라마', '코미디', '범죄']"
홍지원_Act_1,홍지원,Actor,1,"['드라마', '코미디']"
천준호_Act_1,천준호,Actor,1,"['액션', '범죄']"
전민호_Act_1,전민호,Actor,1,"['액션', '서부극(웨스턴)', '코미디']"
정정아_Act_1,정정아,Actor,2,"['액션', '코미디', '범죄', '스릴러', '멜로/로맨스']"
루안 브룸_Act_1,루안 브룸,Actor,1,['코미디']
최다형_Act_1,최다형,Actor,3,"['드라마', '범죄']"
유일한_Act_1,유일한,Actor,1,"['액션', '범죄']"
조동혁_Act_1,조동혁,Actor,2,['액션']
민지혁_Act_1,민지혁,Actor,1,"['SF', '가족', '멜로/로맨스']"
정경임_Act_1,정경임,Actor,1,"['드라마', '가족']"
강동현_Act_1,강동현,Actor,1,"['스릴러', '범죄']"
권오상_Act_1,권오상,Actor,1,"['액션', '서부극(웨스턴)', '코미디']"
오명진_Act_1,오명진,Actor,1,"['액션', '범죄']"
이하민_Act_1,이하민,Actor,1,"['드라마', '액션']"
김정팔_Act_1,김정팔,Actor,1,['드라마']
이길훈_Act_1,이길훈,Actor,1,['다큐멘터리']
장영남_Act_1,장영남,Actor,1,"['드라마', '코미디']"
추국현_Act_1,추국현,Actor,1,['드라마']
이서한_Act_1,이서한,Actor,1,"['액션', '스릴러']"
강민재_Act_1,강민재,Actor,1,"['액션', '스릴러']"
박은혜_Act_1,박은혜,Actor,1,"['SF', '가족', '멜로/로맨스']"
김명호_Act_1,김명호,Actor,1,['드라마']
채민강_Act_1,채민강,Actor,1,['드라마']
기현_Act_1,기현,Actor,1,['다큐멘터리']
백종건_Act_1,백종건,Actor,1,['드라마']
장현동_Act_1,장현동,Actor,1,"['드라마', '액션']"
천성_Act_1,천성,Actor,1,['공연']
정준하_Act_1,정준하,Actor,1,['코미디']
장규식_Act_1,장규식,Actor,1,"['액션', 'SF', '판타지']"
이학주_Act_1,이학주,Actor,1,['코미디']
한우진_Act_1,한우진,Actor,1,"['사극', '액션']"
이원선_Act_1,이원선,Actor,2,"['드라마', '코미디']"
홍은철_Act_1,홍은철,Actor,1,"['액션', '범죄']"
한상경_Act_1,한상경,Actor,5,"['액션', '드라마', '범죄']"
유승신_Act_1,유승신,Actor,1,"['공포(호러)', '미스터리']"
주용욱_Act_1,주용욱,Actor,1,"['SF', '가족', '멜로/로맨스']"
위지웅_Act_1,위지웅,Actor,1,['기타']
김한상_Act_1,김한상,Actor,1,"['사극', '액션']"
박보근_Act_1,박보근,Actor,1,['범죄']
천우희_Act_1,천우희,Actor,1,['드라마']
유창호_Act_1,유창호,Actor,1,"['액션', '서부극(웨스턴)', '코미디']"
준_Act_1,준,Actor,1,"['공연', '다큐멘터리']"
이서영_Act_1,이서영,Actor,1,['액션']
이윤규_Act_1,이윤규,Actor,1,"['스릴러', '범죄']"
정애연_Act_1,정애연,Actor,1,"['액션', '스릴러']"
박지산_Act_1,박지산,Actor,1,"['액션', '범죄']"
선종구_Act_1,선종구,Actor,2,"['액션', '범죄']"
이귀우_Act_1,이귀우,Actor,1,['드라마']
김수미_Act_1,김수미,Actor,1,['코미디']
주석태_Act_1,주석태,Actor,1,"['사극', '액션']"
이난솔_Act_1,이난솔,Actor,1,"['액션', '범죄']"
최혜진_Act_1,최혜진,Actor,1,"['공포(호러)', '스릴러']"
윤상현_Act_1,윤상현,Actor,1,['드라마']
함진성_Act_1,함진성,Actor,3,"['사극', '액션', '스릴러', '범죄']"
김혜윤_Act_1,김혜윤,Actor,1,['드라마']
이가경_Act_1,이가경,Actor,1,['기타']
이재용_Act_1,이재용,Actor,1,"['액션', '범죄']"
황현진_Act_1,황현진,Actor,1,['다큐멘터리']
고건한_Act_1,고건한,Actor,1,"['액션', '범죄']"
Le Chi Nguyen_Act_1,Le Chi Nguyen,Actor,1,"['드라마', '가족']"
심우성_Act_1,심우성,Actor,2,"['액션', '스릴러', '범죄']"
이찬희_Act_1,이찬희,Actor,1,"['액션', '범죄']"
박정숙_Act_1,박정숙,Actor,2,"['액션', '코미디', '범죄', '스릴러', '멜로/로맨스']"
김병옥_Act_1,김병옥,Actor,1,"['액션', '스릴러', '범죄']"
한홍구_Act_1,한홍구,Actor,1,['다큐멘터리']
이민호_Act_1,이민호,Actor,1,"['코미디', '멜로/로맨스']"
김충만_Act_1,김충만,Actor,1,"['액션', '범죄']"
하성광_Act_1,하성광,Actor,1,['코미디']
여민구_Act_1,여민구,Actor,1,"['스릴러', '범죄']"
백승원_Act_1,백승원,Actor,1,"['드라마', '가족']"
아오키 무네타카_Act_1,아오키 무네타카,Actor,1,"['액션', '범죄']"
이건구_Act_1,이건구,Actor,2,"['액션', '코미디']"
이선자_Act_1,이선자,Actor,1,['다큐멘터리']
정명진_Act_1,정명진,Actor,1,"['액션', '범죄']"
안재만_Act_1,안재만,Actor,1,"['액션', '범죄']"
최윤슬_Act_1,최윤슬,Actor,1,"['스릴러', '범죄']"
김희성_Act_1,김희성,Actor,1,"['드라마', '액션']"
장근철_Act_1,장근철,Actor,1,['액션']
한아름_Act_1,한아름,Actor,1,"['공포(호러)', '스릴러', '미스터리']"
안성기_Act_1,안성기,Actor,4,"['사극', '액션', '드라마']"
구재연_Act_1,구재연,Actor,1,"['액션', '코미디']"
박선애_Act_1,박선애,Actor,2,"['사극', '액션', '드라마']"
김영노_Act_1,김영노,Actor,1,"['드라마', '액션']"
서이라_Act_1,서이라,Actor,1,['액션']
이상호_Act_1,이상호,Actor,4,"['사극', '액션', '드라마']"
박세정_Act_1,박세정,Actor,1,"['공포(호러)', '미스터리']"
정호진_Act_1,정호진,Actor,2,"['액션', '범죄']"
임영희_Act_1,임영희,Actor,1,"['공포(호러)', '스릴러']"
유신_Act_1,유신,Actor,1,"['드라마', '스릴러']"
국형_Act_1,국형,Actor,1,"['액션', '범죄']"
문소리_Act_1,문소리,Actor,1,['드라마']
진서연_Act_1,진서연,Actor,1,"['스릴러', '범죄']"
박혁권_Act_1,박혁권,Actor,2,"['드라마', '액션']"
김시후_Act_1,김시후,Actor,1,"['액션', '범죄']"
남진복_Act_1,남진복,Actor,1,"['액션', '범죄']"
황정윤_Act_1,황정윤,Actor,1,"['액션', '범죄']"
손승범_Act_1,손승범,Actor,1,"['액션', '범죄']"
나종민_Act_1,나종민,Actor,2,"['드라마', '가족']"
김우빈_Act_1,김우빈,Actor,2,"['기타', '액션', '판타지', 'SF']"
오창후_Act_1,오창후,Actor,3,"['사극', '액션', '드라마']"
김노진_Act_1,김노진,Actor,1,['멜로/로맨스']
강애심_Act_1,강애심,Actor,2,"['드라마', '스릴러', '미스터리']"
박성웅_Act_1,박성웅,Actor,3,"['액션', '스릴러', '코미디']"
오채아_Act_1,오채아,Actor,1,"['공포(호러)', '멜로/로맨스']"
곽경민_Act_1,곽경민,Actor,2,"['액션', '코미디', '범죄', '스릴러', '멜로/로맨스']"
전운종_Act_1,전운종,Actor,2,"['드라마', '액션', '사극']"
전시우_Act_1,전시우,Actor,1,"['액션', '범죄']"
박준환_Act_1,박준환,Actor,2,"['액션', '멜로/로맨스']"
박서연_Act_1,박서연,Actor,1,"['코미디', '멜로/로맨스']"
강길우_Act_1,강길우,Actor,3,"['액션', '범죄', '기타', '드라마', '가족', '멜로/로맨스']"
김재범_Act_1,김재범,Actor,1,"['액션', '스릴러']"
정미혜_Act_1,정미혜,Actor,1,['드라마']
강춘성_Act_1,강춘성,Actor,1,"['액션', '스릴러']"
조광욱_Act_1,조광욱,Actor,1,['액션']
고민시_Act_1,고민시,Actor,1,['액션']
김응수_Act_1,김응수,Actor,1,"['코미디', '멜로/로맨스']"
이정미_Act_1,이정미,Actor,1,['드라마']
김문조_Act_1,김문조,Actor,1,"['액션', 'SF', '판타지']"
류경현_Act_1,류경현,Actor,1,"['드라마', '액션']"
안정호_Act_1,안정호,Actor,1,"['액션', '서부극(웨스턴)', '코미디']"
김범석_Act_1,김범석,Actor,2,"['액션', '드라마']"
모그_Act_1,모그,Actor,1,['액션']
김수진_Act_1,김수진,Actor,3,"['드라마', '공포(호러)', '스릴러', '미스터리']"
양시현_Act_1,양시현,Actor,1,"['드라마', '액션']"
남다름_Act_1,남다름,Actor,1,['코미디']
이미도_Act_1,이미도,Actor,3,"['드라마', '코미디', '멜로/로맨스']"
김리우_Act_1,김리우,Actor,3,"['액션', '드라마', '범죄']"
이상욱_Act_1,이상욱,Actor,1,['코미디']
성기윤_Act_1,성기윤,Actor,1,['뮤지컬']
한동국_Act_1,한동국,Actor,3,"['액션', '드라마', '범죄']"
손범서_Act_1,손범서,Actor,1,['멜로/로맨스']
손화령_Act_1,손화령,Actor,1,['드라마']
김선혜_Act_1,김선혜,Actor,1,['공포(호러)']
공정환_Act_1,공정환,Actor,2,"['액션', '드라마']"
홍윤_Act_1,홍윤,Actor,2,"['액션', '드라마']"
이수광_Act_1,이수광,Actor,1,"['드라마', '액션']"
강안나_Act_1,강안나,Actor,1,"['공포(호러)', '미스터리']"
김병구_Act_1,김병구,Actor,2,"['드라마', '액션', '범죄']"
김영민_Act_1,김영민,Actor,1,"['드라마', '액션']"
정화빈_Act_1,정화빈,Actor,1,['다큐멘터리']
위민국_Act_1,위민국,Actor,4,"['사극', '액션', '드라마']"
황재운_Act_1,황재운,Actor,2,"['사극', '액션', '판타지', 'SF']"
송진영_Act_1,송진영,Actor,1,"['액션', '스릴러', '범죄']"
박수영_Act_1,박수영,Actor,1,['코미디']
이동욱_Act_1,이동욱,Actor,2,"['액션', '범죄', '코미디', '멜로/로맨스']"
정예서_Act_1,정예서,Actor,1,"['액션', 'SF', '판타지']"
김솔_Act_1,김솔,Actor,2,['미스터리']
김동환_Act_1,김동환,Actor,3,"['사극', '액션', '공포(호러)']"
이다혜_Act_1,이다혜,Actor,3,"['액션', '드라마']"
강유석_Act_1,강유석,Actor,1,['공포(호러)']
조여정_Act_1,조여정,Actor,1,"['공포(호러)', '미스터리']"
이윤석_Act_1,이윤석,Actor,1,"['액션', '범죄']"
박찬익_Act_1,박찬익,Actor,2,"['전쟁', '드라마']"
고한민_Act_1,고한민,Actor,2,"['액션', '드라마']"
정연주_Act_1,정연주,Actor,3,"['전쟁', '드라마']"
심유승_Act_1,심유승,Actor,1,['드라마']
임재민_Act_1,임재민,Actor,1,"['액션', 'SF', '판타지']"
엄태구_Act_1,엄태구,Actor,2,"['액션', '드라마', '코미디']"
유창한_Act_1,유창한,Actor,1,"['액션', '범죄']"
황무영_Act_1,황무영,Actor,3,"['드라마', '액션']"
오대천_Act_1,오대천,Actor,1,['드라마']
이택희_Act_1,이택희,Actor,1,"['액션', '범죄']"
신수연_Act_1,신수연,Actor,1,"['액션', '스릴러']"
장준휘_Act_1,장준휘,Actor,4,"['액션', '스릴러', '드라마', 'SF', '미스터리', '공포(호러)', '판타지', '멜로/로맨스']"
윤경미_Act_1,윤경미,Actor,1,['다큐멘터리']
임원선_Act_1,임원선,Actor,1,['드라마']
정시훈_Act_1,정시훈,Actor,1,"['사극', '액션']"
김다미_Act_1,김다미,Actor,1,['액션']
양준명_Act_1,양준명,Actor,1,['드라마']
이한준_Act_1,이한준,Actor,1,"['액션', '드라마']"
김윤식_Act_1,김윤식,Actor,1,['드라마']
김미소_Act_1,김미소,Actor,1,['액션']
동방우_Act_1,동방우,Actor,2,"['액션', '드라마', '스릴러', '범죄']"
오유경_Act_1,오유경,Actor,1,"['공포(호러)', '스릴러']"
변현식_Act_1,변현식,Actor,1,['드라마']
이재성_Act_1,이재성,Actor,1,"['액션', '범죄']"
한유리_Act_1,한유리,Actor,1,['멜로/로맨스']
심상용_Act_1,심상용,Actor,1,['액션']
차영민_Act_1,차영민,Actor,1,['액션']
최상재_Act_1,최상재,Actor,1,"['액션', '스릴러']"
손규진_Act_1,손규진,Actor,1,"['액션', '서부극(웨스턴)', '코미디']"
유정환_Act_1,유정환,Actor,1,"['드라마', '코미디']"
최백선_Act_1,최백선,Actor,1,"['스릴러', '범죄']"
김선미_Act_1,김선미,Actor,1,['공포(호러)']
이원석_Act_1,이원석,Actor,1,['액션']
배혜성_Act_1,배혜성,Actor,1,"['드라마', '액션']"
정영록_Act_1,정영록,Actor,1,"['사극', '액션']"
엄정화_Act_1,엄정화,Actor,1,['코미디']
전아희_Act_1,전아희,Actor,2,"['액션', 'SF', '판타지', '범죄']"
김강우_Act_1,김강우,Actor,1,['액션']
한기업_Act_1,한기업,Actor,1,"['액션', '스릴러', '범죄']"
장지후_Act_1,장지후,Actor,1,"['액션', '드라마']"
김지영_Act_1,김지영,Actor,1,"['코미디', '멜로/로맨스']"
강차욱_Act_1,강차욱,Actor,1,"['액션', 'SF', '판타지']"
이진민_Act_1,이진민,Actor,2,"['액션', '드라마']"
유강민_Act_1,유강민,Actor,1,['미스터리']
정준교_Act_1,정준교,Actor,1,['멜로/로맨스']
신현종_Act_1,신현종,Actor,1,"['액션', '스릴러']"
전수지_Act_1,전수지,Actor,2,"['드라마', '스릴러', '범죄']"
강한솔_Act_1,강한솔,Actor,1,['드라마']
김지호_Act_1,김지호,Actor,1,"['액션', '스릴러']"
유민재_Act_1,유민재,Actor,1,"['공포(호러)', '스릴러', '미스터리']"
윤기현_Act_1,윤기현,Actor,2,"['액션', '코미디']"
김조운_Act_1,김조운,Actor,2,"['드라마', '액션', '코미디']"
김채원_Act_1,김채원,Actor,1,['드라마']
김우현_Act_1,김우현,Actor,6,"['액션', '코미디', '범죄', '드라마', 'SF', '판타지']"
유동균_Act_1,유동균,Actor,1,"['코미디', '멜로/로맨스']"
김재건_Act_1,김재건,Actor,2,"['드라마', '코미디']"
최문경_Act_1,최문경,Actor,1,['코미디']
박정구_Act_1,박정구,Actor,1,"['공포(호러)', '미스터리']"
어성욱_Act_1,어성욱,Actor,1,['코미디']
재니스_Act_1,재니스,Actor,1,"['드라마', '가족']"
강한별_Act_1,강한별,Actor,2,"['액션', 'SF', '판타지', '범죄']"
한동희_Act_1,한동희,Actor,1,"['코미디', '멜로/로맨스']"
한상철_Act_1,한상철,Actor,1,"['액션', '범죄']"
구본혁_Act_1,구본혁,Actor,4,"['사극', '액션', '드라마']"
김기무_Act_1,김기무,Actor,1,['드라마']
김태양_Act_1,김태양,Actor,1,['코미디']
김상동_Act_1,김상동,Actor,1,['기타']
조은덕_Act_1,조은덕,Actor,1,"['코미디', '멜로/로맨스']"
성노진_Act_1,성노진,Actor,1,['드라마']
김태응_Act_1,김태응,Actor,1,"['사극', '액션']"
전혜원_Act_1,전혜원,Actor,2,"['액션', '스릴러']"
한사명_Act_1,한사명,Actor,1,"['코미디', '멜로/로맨스']"
송원수_Act_1,송원수,Actor,2,"['액션', '코미디']"
김미영_Act_1,김미영,Actor,1,"['전쟁', '드라마']"
이유진_Act_1,이유진,Actor,3,"['범죄', '스릴러', '드라마', '공포(호러)', '멜로/로맨스']"
이경욱_Act_1,이경욱,Actor,2,"['드라마', '액션', '코미디']"
정태우_Act_1,정태우,Actor,1,"['액션', '스릴러', '범죄']"
이사라_Act_1,이사라,Actor,2,"['드라마', '코미디']"
정시아_Act_1,정시아,Actor,1,['드라마']
지웅배_Act_1,지웅배,Actor,1,"['드라마', '판타지', '멜로/로맨스']"
이희석_Act_1,이희석,Actor,1,['드라마']
박윤희_Act_1,박윤희,Actor,3,"['애니메이션', '코미디', '멜로/로맨스']"
조달환_Act_1,조달환,Actor,1,"['코미디', '멜로/로맨스']"
김명곤_Act_1,김명곤,Actor,2,"['액션', '드라마']"
한서윤_Act_1,한서윤,Actor,4,"['액션', '드라마', '스릴러', '코미디']"
전민정_Act_1,전민정,Actor,1,"['액션', '범죄']"
최유송_Act_1,최유송,Actor,1,"['액션', '스릴러']"
배정환_Act_1,배정환,Actor,1,"['액션', '드라마']"
박정표_Act_1,박정표,Actor,1,['드라마']
윤택승_Act_1,윤택승,Actor,1,['액션']
황유이_Act_1,황유이,Actor,1,"['스릴러', '범죄']"
김미수_Act_1,김미수,Actor,1,"['코미디', '멜로/로맨스']"
석유진_Act_1,석유진,Actor,1,['멜로/로맨스']
강신철_Act_1,강신철,Actor,1,['드라마']
노수산나_Act_1,노수산나,Actor,3,"['액션', '드라마', '스릴러', '범죄']"
주예림_Act_1,주예림,Actor,1,['드라마']
전지학_Act_1,전지학,Actor,2,"['전쟁', '드라마']"
강신일_Act_1,강신일,Actor,1,['드라마']
이민우_Act_1,이민우,Actor,1,"['액션', '스릴러', '범죄']"
김지니_Act_1,김지니,Actor,1,"['드라마', '범죄']"
민윤기_Act_1,민윤기,Actor,1,['공연']
박광진_Act_1,박광진,Actor,1,['드라마']
김세홍_Act_1,김세홍,Actor,1,"['액션', 'SF', '판타지']"
김희상_Act_1,김희상,Actor,1,['드라마']
J.B. 올리베이라_Act_1,J.B. 올리베이라,Actor,1,['코미디']
서영우_Act_1,서영우,Actor,1,['드라마']
김성식_Act_1,김성식,Actor,1,['코미디']
김루아_Act_1,김루아,Actor,1,"['액션', 'SF', '판타지']"
윤승우_Act_1,윤승우,Actor,1,"['액션', '범죄']"
이유_Act_1,이유,Actor,1,['드라마']
이승훈_Act_1,이승훈,Actor,2,['드라마']
전희찬_Act_1,전희찬,Actor,1,"['액션', '범죄']"
임성민_Act_1,임성민,Actor,1,"['사극', '액션']"
박시환_Act_1,박시환,Actor,1,['드라마']
김진성_Act_1,김진성,Actor,1,['멜로/로맨스']
백현주_Act_1,백현주,Actor,1,"['액션', 'SF', '판타지']"
송광원_Act_1,송광원,Actor,1,['드라마']
김강일_Act_1,김강일,Actor,4,"['액션', '드라마', 'SF', '미스터리', '공포(호러)', '판타지']"
문진식_Act_1,문진식,Actor,1,"['액션', '범죄']"
이충식_Act_1,이충식,Actor,1,['액션']
이채영_Act_1,이채영,Actor,1,['액션']
정연_Act_1,정연,Actor,3,"['액션', '드라마', '스릴러', '범죄']"
정우탁_Act_1,정우탁,Actor,1,"['액션', '범죄']"
백도겸_Act_1,백도겸,Actor,1,['드라마']
백남준_Act_1,백남준,Actor,1,"['액션', '범죄']"
최원_Act_1,최원,Actor,2,"['드라마', '액션', '스릴러']"
김영준_Act_1,김영준,Actor,1,"['액션', '범죄']"
정주원_Act_1,정주원,Actor,2,"['애니메이션', '멜로/로맨스']"
민재웅_Act_1,민재웅,Actor,1,['드라마']
곽해은_Act_1,곽해은,Actor,1,"['공포(호러)', '미스터리']"
김보경_Act_1,김보경,Actor,1,"['액션', '스릴러']"
김지선_Act_1,김지선,Actor,1,"['액션', 'SF', '판타지']"
성수연_Act_1,성수연,Actor,1,['드라마']
오기덕_Act_1,오기덕,Actor,1,['액션']
이순화_Act_1,이순화,Actor,1,['코미디']
정우근_Act_1,정우근,Actor,1,['코미디']
나지엽_Act_1,나지엽,Actor,1,"['공포(호러)', '스릴러', '미스터리']"
신승환_Act_1,신승환,Actor,4,"['액션', '스릴러', '코미디', '범죄']"
쿠니무라 준_Act_1,쿠니무라 준,Actor,1,"['액션', '범죄']"
주진모_Act_1,주진모,Actor,1,['드라마']
석예린_Act_1,석예린,Actor,1,"['사극', '액션']"
박노철_Act_1,박노철,Actor,2,"['드라마', '공포(호러)', '판타지']"
김도영_Act_1,김도영,Actor,1,['다큐멘터리']
유연석_Act_1,유연석,Actor,2,"['액션', '공포(호러)', '스릴러', '드라마']"
박광재_Act_1,박광재,Actor,2,"['액션', 'SF', '판타지', '범죄']"
허정도_Act_1,허정도,Actor,1,"['드라마', '액션']"
일민_Act_1,일민,Actor,1,"['전쟁', '드라마']"
박정철_Act_1,박정철,Actor,2,"['드라마', '액션', '범죄']"
김대현_Act_1,김대현,Actor,2,"['공연', '뮤지컬']"
박경흠_Act_1,박경흠,Actor,1,['드라마']
박정곤_Act_1,박정곤,Actor,1,"['액션', '코미디']"
최배영_Act_1,최배영,Actor,1,"['스릴러', '범죄']"
박동주_Act_1,박동주,Actor,1,"['코미디', '멜로/로맨스']"
신하랑_Act_1,신하랑,Actor,1,"['액션', '스릴러', '범죄']"
김재금_Act_1,김재금,Actor,1,"['드라마', '가족']"
최재환_Act_1,최재환,Actor,2,"['액션', '코미디', '범죄', '스릴러', '멜로/로맨스']"
박무염_Act_1,박무염,Actor,1,"['액션', 'SF', '판타지']"
김만호_Act_1,김만호,Actor,2,"['드라마', '액션', '판타지', 'SF']"
손소영_Act_1,손소영,Actor,1,"['액션', '범죄']"
남회정_Act_1,남회정,Actor,1,"['드라마', '코미디']"
김주호_Act_1,김주호,Actor,1,['액션']
백준길_Act_1,백준길,Actor,1,"['액션', '범죄']"
이문빈_Act_1,이문빈,Actor,2,"['액션', '범죄', '드라마', '판타지', '멜로/로맨스']"
손태오_Act_1,손태오,Actor,1,"['액션', '범죄']"
장준혁_Act_1,장준혁,Actor,1,['드라마']
유승희_Act_1,유승희,Actor,1,['드라마']
정예훈_Act_1,정예훈,Actor,2,"['액션', '드라마']"
박준면_Act_1,박준면,Actor,2,"['액션', '범죄']"
김진형_Act_1,김진형,Actor,4,"['사극', '액션', '드라마']"
백태민_Act_1,백태민,Actor,2,"['액션', '드라마']"
장혜진_Act_1,장혜진,Actor,1,"['액션', '범죄']"
남문철_Act_1,남문철,Actor,1,"['액션', '범죄']"
허인영_Act_1,허인영,Actor,1,['드라마']
김소민_Act_1,김소민,Actor,1,['액션']
한재학_Act_1,한재학,Actor,1,"['사극', '액션']"
김신비_Act_1,김신비,Actor,2,"['공연', '뮤지컬']"
조명행_Act_1,조명행,Actor,3,"['액션', '스릴러', '범죄']"
타쿠야_Act_1,타쿠야,Actor,1,"['드라마', '멜로/로맨스']"
김경덕_Act_1,김경덕,Actor,1,['액션']
김다연_Act_1,김다연,Actor,1,['액션']
안소희_Act_1,안소희,Actor,1,"['드라마', '멜로/로맨스']"
황기석_Act_1,황기석,Actor,1,"['코미디', '멜로/로맨스']"
김기해_Act_1,김기해,Actor,1,['액션']
신평식_Act_1,신평식,Actor,1,"['드라마', '멜로/로맨스']"
김백겸_Act_1,김백겸,Actor,1,"['사극', '액션']"
이정환_Act_1,이정환,Actor,1,"['액션', '범죄']"
왕호영_Act_1,왕호영,Actor,1,"['액션', '드라마']"
심규식_Act_1,심규식,Actor,1,"['액션', '범죄']"
이은미_Act_1,이은미,Actor,1,['드라마']
김민수_Act_1,김민수,Actor,2,"['사극', '액션', '범죄']"
박주빈_Act_1,박주빈,Actor,1,"['스릴러', '범죄']"
조은유_Act_1,조은유,Actor,1,"['드라마', '멜로/로맨스']"
김구택_Act_1,김구택,Actor,3,"['액션', '공포(호러)', '드라마', '미스터리']"
유석원_Act_1,유석원,Actor,1,"['코미디', '멜로/로맨스']"
김창조_Act_1,김창조,Actor,1,['드라마']
조유진_Act_1,조유진,Actor,1,"['코미디', '멜로/로맨스']"
최성희_Act_1,최성희,Actor,1,['드라마']
송인호_Act_1,송인호,Actor,1,"['공포(호러)', '멜로/로맨스']"
구종근_Act_1,구종근,Actor,1,"['공포(호러)', '멜로/로맨스']"
임기홍_Act_1,임기홍,Actor,1,"['공연', '뮤지컬']"
구민혁_Act_1,구민혁,Actor,1,"['드라마', '액션']"
김승준_Act_1,김승준,Actor,2,"['액션', 'SF', '판타지']"
심하느리_Act_1,심하느리,Actor,1,"['액션', '범죄']"
김이담_Act_1,김이담,Actor,2,"['액션', '드라마']"
임미소_Act_1,임미소,Actor,1,['범죄']
배한성_Act_1,배한성,Actor,1,"['사극', '액션']"
최가은_Act_1,최가은,Actor,1,"['액션', '범죄']"
조형균_Act_1,조형균,Actor,1,"['공포(호러)', '미스터리']"
권해효_Act_1,권해효,Actor,5,"['액션', '드라마', '범죄']"
박소진_Act_1,박소진,Actor,2,"['액션', '드라마', '공포(호러)']"
이상렬_Act_1,이상렬,Actor,1,['액션']
손이현_Act_1,손이현,Actor,1,['액션']
김동휘_Act_1,김동휘,Actor,1,"['드라마', '액션']"
조민수_Act_1,조민수,Actor,1,['액션']
심규혁_Act_1,심규혁,Actor,1,"['판타지', '애니메이션', '어드벤처']"
이현일_Act_1,이현일,Actor,2,['드라마']
문형돈_Act_1,문형돈,Actor,1,"['사극', '액션']"
이주원_Act_1,이주원,Actor,1,"['액션', '범죄']"
손종복_Act_1,손종복,Actor,1,"['액션', '범죄']"
정재은_Act_1,정재은,Actor,1,"['공연', '뮤지컬']"
최춘범_Act_1,최춘범,Actor,1,"['액션', '범죄']"
임춘길_Act_1,임춘길,Actor,1,['드라마']
김정민_Act_1,김정민,Actor,2,"['액션', '스릴러', '멜로/로맨스']"
강태주_Act_1,강태주,Actor,1,['액션']
전국진_Act_1,전국진,Actor,1,"['액션', '범죄']"
김태준_Act_1,김태준,Actor,1,"['드라마', '멜로/로맨스']"
윤준호_Act_1,윤준호,Actor,1,"['드라마', '액션']"
서한돌_Act_1,서한돌,Actor,1,"['사극', '액션']"
이성미_Act_1,이성미,Actor,1,"['드라마', '가족']"
황석정_Act_1,황석정,Actor,1,['드라마']
유성주_Act_1,유성주,Actor,2,"['드라마', '액션', '사극']"
전서오_Act_1,전서오,Actor,1,['드라마']
이원행_Act_1,이원행,Actor,1,"['액션', '범죄']"
안태현_Act_1,안태현,Actor,1,['액션']
정규석_Act_1,정규석,Actor,1,"['액션', '범죄']"
이상백_Act_1,이상백,Actor,1,"['액션', '드라마']"
김경태_Act_1,김경태,Actor,2,"['액션', '드라마']"
하회정_Act_1,하회정,Actor,1,"['드라마', '액션']"
현진호_Act_1,현진호,Actor,1,['드라마']
조성국_Act_1,조성국,Actor,1,"['사극', '액션']"
송예슬_Act_1,송예슬,Actor,1,['드라마']
송영근_Act_1,송영근,Actor,1,['드라마']
장의돈_Act_1,장의돈,Actor,1,"['공포(호러)', '미스터리']"
권귀빈_Act_1,권귀빈,Actor,1,['드라마']
석보배_Act_1,석보배,Actor,1,"['액션', '스릴러']"
문진승_Act_1,문진승,Actor,1,"['액션', '드라마', '스릴러']"
이태훈_Act_1,이태훈,Actor,1,['드라마']
김은석_Act_1,김은석,Actor,2,"['드라마', '가족']"
안지혜_Act_1,안지혜,Actor,1,['액션']
서자영_Act_1,서자영,Actor,1,['드라마']
안치욱_Act_1,안치욱,Actor,3,"['드라마', '액션']"
김가빈_Act_1,김가빈,Actor,1,['드라마']
김태경_Act_1,김태경,Actor,1,['액션']
왕지혜_Act_1,왕지혜,Actor,1,"['액션', '스릴러']"
손우진_Act_1,손우진,Actor,1,['액션']
신예주_Act_1,신예주,Actor,2,"['액션', '코미디', 'SF', '서부극(웨스턴)', '가족', '멜로/로맨스']"
김민지_Act_1,김민지,Actor,1,"['공포(호러)', '멜로/로맨스']"
박지윤_Act_1,박지윤,Actor,1,"['액션', '스릴러']"
하승우_Act_1,하승우,Actor,1,['다큐멘터리']
김달호_Act_1,김달호,Actor,1,"['액션', '범죄']"
임선혜_Act_1,임선혜,Actor,1,"['공연', '뮤지컬']"
이효빈_Act_1,이효빈,Actor,1,['멜로/로맨스']
정유진_Act_1,정유진,Actor,1,"['액션', '코미디']"
지남혁_Act_1,지남혁,Actor,2,"['액션', '공포(호러)', '스릴러']"
박채은_Act_1,박채은,Actor,1,"['SF', '가족', '멜로/로맨스']"
강민태_Act_1,강민태,Actor,1,"['사극', '액션']"
진영_Act_1,진영,Actor,1,"['드라마', '액션']"
안영미_Act_1,안영미,Actor,2,['애니메이션']
정유안_Act_1,정유안,Actor,1,['드라마']
김윤도_Act_1,김윤도,Actor,1,"['액션', 'SF', '판타지']"
김선간_Act_1,김선간,Actor,1,['액션']
이성열_Act_1,이성열,Actor,1,['멜로/로맨스']
오현석_Act_1,오현석,Actor,1,"['액션', '범죄']"
신치영_Act_1,신치영,Actor,1,"['사극', '액션']"
이동하_Act_1,이동하,Actor,1,['공포(호러)']
김원준_Act_1,김원준,Actor,1,"['액션', '드라마']"
천택근_Act_1,천택근,Actor,3,"['드라마', '공포(호러)', '판타지', '범죄']"
임정은_Act_1,임정은,Actor,1,['미스터리']
현오봉_Act_1,현오봉,Actor,2,"['드라마', '액션', '판타지', 'SF']"
최지현_Act_1,최지현,Actor,1,"['사극', '액션']"
김장_Act_1,김장,Actor,1,"['판타지', '애니메이션', '어드벤처']"
박상남_Act_1,박상남,Actor,2,"['드라마', '액션', '범죄', '멜로/로맨스']"
양이겸_Act_1,양이겸,Actor,1,['액션']
박유밀_Act_1,박유밀,Actor,1,"['코미디', '멜로/로맨스']"
이원욱_Act_1,이원욱,Actor,1,"['액션', '범죄']"
신현탁_Act_1,신현탁,Actor,2,"['드라마', '액션', '범죄']"
마성민_Act_1,마성민,Actor,1,"['액션', '코미디']"
김서원_Act_1,김서원,Actor,4,"['액션', '드라마', '스릴러', '범죄']"
안민서_Act_1,안민서,Actor,1,"['액션', '스릴러', '범죄']"
염혜란_Act_1,염혜란,Actor,2,"['드라마', '코미디']"
조슈아_Act_1,조슈아,Actor,1,"['공연', '다큐멘터리']"
이병욱_Act_1,이병욱,Actor,2,"['드라마', '액션', '판타지', 'SF']"
김미지_Act_1,김미지,Actor,1,"['액션', '범죄']"
옥주현_Act_1,옥주현,Actor,1,"['공연', '뮤지컬']"
권지훈_Act_1,권지훈,Actor,1,"['액션', '범죄']"
김홍택_Act_1,김홍택,Actor,1,['드라마']
안토니_Act_1,안토니,Actor,1,"['드라마', '가족']"
주재윤_Act_1,주재윤,Actor,1,['드라마']
이재한_Act_1,이재한,Actor,3,"['사극', '액션', '드라마']"
김단비_Act_1,김단비,Actor,2,"['액션', '코미디', 'SF', '서부극(웨스턴)', '판타지']"
문정희_Act_1,문정희,Actor,2,"['사극', '액션', '스릴러', '범죄']"
나혜진_Act_1,나혜진,Actor,1,['드라마']
나호원_Act_1,나호원,Actor,1,"['액션', '범죄']"
조연호_Act_1,조연호,Actor,1,"['공포(호러)', '미스터리']"
김시우_Act_1,김시우,Actor,1,"['사극', '액션']"
정지상_Act_1,정지상,Actor,1,['액션']
한솔미_Act_1,한솔미,Actor,1,['드라마']
김태리_Act_1,김태리,Actor,2,"['기타', '액션', '판타지', 'SF']"
장명갑_Act_1,장명갑,Actor,1,['드라마']
이의령_Act_1,이의령,Actor,2,"['액션', '드라마']"
강하나_Act_1,강하나,Actor,1,"['액션', '범죄']"
윤경호_Act_1,윤경호,Actor,6,"['액션', '코미디', '기타', '드라마', 'SF', '판타지']"
박예슬_Act_1,박예슬,Actor,1,['액션']
유민석_Act_1,유민석,Actor,1,"['액션', '범죄']"
정승길_Act_1,정승길,Actor,1,['드라마']
안효진_Act_1,안효진,Actor,1,['드라마']
문동식_Act_1,문동식,Actor,1,['액션']
서석규_Act_1,서석규,Actor,3,"['액션', '기타', '다큐멘터리', 'SF', '판타지']"
김현식_Act_1,김현식,Actor,1,"['액션', 'SF', '판타지']"
노승윤_Act_1,노승윤,Actor,1,['액션']
이정혁_Act_1,이정혁,Actor,1,['멜로/로맨스']
이성인_Act_1,이성인,Actor,1,['공연']
권덕일_Act_1,권덕일,Actor,1,"['코미디', '멜로/로맨스']"
송훈_Act_1,송훈,Actor,1,"['코미디', '멜로/로맨스']"
노진영_Act_1,노진영,Actor,1,['드라마']
강리안_Act_1,강리안,Actor,2,"['액션', '드라마']"
김벼리_Act_1,김벼리,Actor,1,['액션']
이중문_Act_1,이중문,Actor,1,"['공포(호러)', '멜로/로맨스']"
박영웅_Act_1,박영웅,Actor,1,['코미디']
김주원_Act_1,김주원,Actor,1,"['공연', '뮤지컬']"
장용희_Act_1,장용희,Actor,1,"['액션', '범죄']"
박훈_Act_1,박훈,Actor,4,"['드라마', '액션', '사극']"
심영은_Act_1,심영은,Actor,1,"['액션', '범죄']"
김영_Act_1,김영,Actor,2,"['드라마', '판타지', '멜로/로맨스']"
김시원_Act_1,김시원,Actor,2,"['액션', '스릴러', '드라마', '판타지', '멜로/로맨스']"
김명선_Act_1,김명선,Actor,2,"['드라마', '스릴러', '코미디', '범죄']"
유재상_Act_1,유재상,Actor,1,['드라마']
오상훈_Act_1,오상훈,Actor,1,"['코미디', '멜로/로맨스']"
하인석_Act_1,하인석,Actor,1,['액션']
이휘종_Act_1,이휘종,Actor,1,['드라마']
손병일_Act_1,손병일,Actor,1,['액션']
조남융_Act_1,조남융,Actor,1,"['액션', '범죄']"
이명준_Act_1,이명준,Actor,1,['멜로/로맨스']
양조아_Act_1,양조아,Actor,1,"['드라마', 'SF', '판타지', '가족', '멜로/로맨스']"
류경우_Act_1,류경우,Actor,1,['액션']
김도건_Act_1,김도건,Actor,1,"['액션', '범죄']"
진경표_Act_1,진경표,Actor,1,['다큐멘터리']
주소정_Act_1,주소정,Actor,1,"['코미디', '멜로/로맨스']"
이혜지_Act_1,이혜지,Actor,2,"['액션', '범죄']"
박성남_Act_1,박성남,Actor,1,"['드라마', '액션']"
김건희_Act_1,김건희,Actor,1,['멜로/로맨스']
주지훈_Act_1,주지훈,Actor,1,"['액션', '스릴러']"
김희영_Act_1,김희영,Actor,1,"['액션', '범죄']"
한태린_Act_1,한태린,Actor,1,['코미디']
김민희_Act_1,김민희,Actor,5,"['드라마', '액션', '범죄']"
이승철_Act_1,이승철,Actor,1,"['공포(호러)', '멜로/로맨스']"
박현석_Act_1,박현석,Actor,1,"['액션', '범죄']"
김준석_Act_1,김준석,Actor,1,"['사극', '액션']"
신용우_Act_1,신용우,Actor,1,"['판타지', '애니메이션', '어드벤처']"
서동훈_Act_1,서동훈,Actor,1,['드라마']
유영미_Act_1,유영미,Actor,2,['드라마']
김연서_Act_1,김연서,Actor,1,['드라마']
성백인_Act_1,성백인,Actor,1,"['액션', 'SF', '판타지']"
김순애_Act_1,김순애,Actor,1,['다큐멘터리']
박명신_Act_1,박명신,Actor,4,"['액션', '드라마', '범죄']"
김승윤_Act_1,김승윤,Actor,3,['드라마']
문서연_Act_1,문서연,Actor,1,"['액션', '스릴러', '범죄']"
김영탁_Act_1,김영탁,Actor,2,"['액션', '드라마']"
김중기_Act_1,김중기,Actor,1,['드라마']
곽자형_Act_1,곽자형,Actor,2,"['액션', '드라마', '범죄']"
구태일_Act_1,구태일,Actor,1,"['액션', 'SF', '판타지']"
김경탁_Act_1,김경탁,Actor,1,"['액션', '범죄']"
한성관_Act_1,한성관,Actor,1,"['액션', '스릴러']"
조하이_Act_1,조하이,Actor,1,"['액션', 'SF', '판타지']"
서정민_Act_1,서정민,Actor,1,"['사극', '액션']"
음문석_Act_1,음문석,Actor,1,"['액션', '범죄']"
홍이주_Act_1,홍이주,Actor,1,"['액션', '범죄']"
김윤서_Act_1,김윤서,Actor,1,['미스터리']
기현우_Act_1,기현우,Actor,1,['멜로/로맨스']
정근_Act_1,정근,Actor,1,"['액션', '스릴러']"
김대훈_Act_1,김대훈,Actor,1,"['드라마', '액션']"
노경덕_Act_1,노경덕,Actor,1,"['드라마', '판타지', '멜로/로맨스']"
조현임_Act_1,조현임,Actor,1,['드라마']
김한솔_Act_1,김한솔,Actor,8,"['액션', '코미디', '범죄', '스릴러', '드라마', 'SF', '판타지', '멜로/로맨스']"
류승룡_Act_1,류승룡,Actor,1,['코미디']
김시하_Act_1,김시하,Actor,1,['드라마']
한승윤_Act_1,한승윤,Actor,1,"['액션', 'SF', '판타지']"
정석용_Act_1,정석용,Actor,1,"['드라마', '액션']"
황용운_Act_1,황용운,Actor,1,['다큐멘터리']
김상욱_Act_1,김상욱,Actor,1,"['액션', '범죄']"
조지영_Act_1,조지영,Actor,1,"['액션', '범죄']"
오태승_Act_1,오태승,Actor,1,['액션']
오윤홍_Act_1,오윤홍,Actor,1,"['액션', '범죄']"
김동일_Act_1,김동일,Actor,1,['드라마']
주수경_Act_1,주수경,Actor,1,"['공포(호러)', '멜로/로맨스']"
남지현_Act_1,남지현,Actor,1,"['액션', '스릴러']"
조인우_Act_1,조인우,Actor,1,"['액션', '스릴러']"
민주호_Act_1,민주호,Actor,3,"['사극', '액션', '드라마']"
최종환_Act_1,최종환,Actor,1,"['공포(호러)', '미스터리']"
정종우_Act_1,정종우,Actor,2,"['드라마', '액션', '코미디']"
김채리_Act_1,김채리,Actor,1,['드라마']
최정태_Act_1,최정태,Actor,2,"['사극', '액션', '드라마']"
최원경_Act_1,최원경,Actor,1,['드라마']
브루스 칸_Act_1,브루스 칸,Actor,1,['액션']
경규민_Act_1,경규민,Actor,1,['드라마']
남태규_Act_1,남태규,Actor,1,"['액션', '드라마']"
최형락_Act_1,최형락,Actor,1,"['액션', '범죄']"
정은우_Act_1,정은우,Actor,1,['미스터리']
이나연_Act_1,이나연,Actor,1,"['액션', '드라마']"
이선주_Act_1,이선주,Actor,1,"['공포(호러)', '미스터리']"
백승익_Act_1,백승익,Actor,1,"['액션', '범죄']"
선주아_Act_1,선주아,Actor,1,['미스터리']
하시연_Act_1,하시연,Actor,1,"['액션', 'SF', '판타지']"
윤준열_Act_1,윤준열,Actor,1,"['액션', '범죄']"
옥윤중_Act_1,옥윤중,Actor,1,['액션']
서대건_Act_1,서대건,Actor,2,"['사극', '액션', '범죄']"
김국현_Act_1,김국현,Actor,1,['드라마']
구자건_Act_1,구자건,Actor,1,"['액션', '드라마']"
장남수_Act_1,장남수,Actor,1,['액션']
강윤_Act_1,강윤,Actor,1,"['액션', '범죄']"
최원석_Act_1,최원석,Actor,1,"['액션', '범죄']"
문수영_Act_1,문수영,Actor,1,['미스터리']
오대환_Act_1,오대환,Actor,3,"['액션', '공포(호러)', '스릴러', '범죄']"
예성_Act_1,예성,Actor,1,['드라마']
박경림_Act_1,박경림,Actor,1,"['액션', '스릴러']"
윤아영_Act_1,윤아영,Actor,3,['애니메이션']
권혁_Act_1,권혁,Actor,1,['드라마']
정한_Act_1,정한,Actor,1,"['공연', '다큐멘터리']"
최현정_Act_1,최현정,Actor,1,['드라마']
이솜_Act_1,이솜,Actor,1,"['코미디', '멜로/로맨스']"
오정철_Act_1,오정철,Actor,1,['드라마']
조재윤_Act_1,조재윤,Actor,3,"['액션', '드라마', '범죄']"
김한나_Act_1,김한나,Actor,1,"['드라마', '액션']"
김재훈_Act_1,김재훈,Actor,1,"['액션', '드라마']"
손산_Act_1,손산,Actor,1,['드라마']
정인기_Act_1,정인기,Actor,8,"['액션', '코미디', '범죄', '스릴러', '드라마', '멜로/로맨스']"
김현욱_Act_1,김현욱,Actor,2,['애니메이션']
문승배_Act_1,문승배,Actor,2,"['액션', '드라마']"
김시은_Act_1,김시은,Actor,1,"['드라마', '가족', '멜로/로맨스']"
서준영_Act_1,서준영,Actor,1,['드라마']
박찬별_Act_1,박찬별,Actor,1,"['액션', '범죄']"
오누리_Act_1,오누리,Actor,4,"['사극', '액션', '드라마', '범죄']"
권정숙_Act_1,권정숙,Actor,1,['코미디']
장희용_Act_1,장희용,Actor,1,['드라마']
박호산_Act_1,박호산,Actor,1,['코미디']
노경_Act_1,노경,Actor,1,['드라마']
김진희_Act_1,김진희,Actor,2,"['액션', '드라마']"
이세인_Act_1,이세인,Actor,1,['드라마']
강충훈_Act_1,강충훈,Actor,1,"['액션', '스릴러']"
박민준_Act_1,박민준,Actor,1,['코미디']
손승훈_Act_1,손승훈,Actor,1,"['액션', '범죄']"
이상근_Act_1,이상근,Actor,1,"['액션', '스릴러']"
이광기_Act_1,이광기,Actor,1,"['액션', '범죄']"
노형원_Act_1,노형원,Actor,1,"['사극', '액션']"
강인서_Act_1,강인서,Actor,1,"['스릴러', '범죄']"
조재현_Act_1,조재현,Actor,2,"['사극', '액션', '드라마']"
한성수_Act_1,한성수,Actor,1,"['액션', 'SF', '판타지']"
손병호_Act_1,손병호,Actor,2,"['공포(호러)', '스릴러', '코미디']"
양한열_Act_1,양한열,Actor,1,['드라마']
정미형_Act_1,정미형,Actor,2,"['드라마', '액션', '코미디', '범죄']"
정양직_Act_1,정양직,Actor,1,['드라마']
우주명_Act_1,우주명,Actor,1,['멜로/로맨스']
조인성_Act_1,조인성,Actor,2,"['액션', '드라마']"
서울_Act_1,서울,Actor,1,['드라마']
윤진영_Act_1,윤진영,Actor,2,"['액션', '드라마']"
이진혁_Act_1,이진혁,Actor,1,['드라마']
장민수_Act_1,장민수,Actor,1,"['스릴러', '범죄']"
배유람_Act_1,배유람,Actor,1,"['드라마', '멜로/로맨스']"
윤상영_Act_1,윤상영,Actor,3,"['사극', '액션', '드라마']"
이흥윤_Act_1,이흥윤,Actor,1,['드라마']
오상철_Act_1,오상철,Actor,4,['드라마']
최민_Act_1,최민,Actor,2,['액션']
이명희_Act_1,이명희,Actor,1,"['액션', '코미디']"
김서희_Act_1,김서희,Actor,1,"['액션', '드라마']"
송영광_Act_1,송영광,Actor,1,"['액션', 'SF', '판타지']"
권소현_Act_1,권소현,Actor,1,['코미디']
이상훈_Act_1,이상훈,Actor,2,['드라마']
이혜리_Act_1,이혜리,Actor,1,['드라마']
백경훈_Act_1,백경훈,Actor,1,['드라마']
정준현_Act_1,정준현,Actor,1,"['액션', '스릴러']"
윤혁진_Act_1,윤혁진,Actor,1,"['사극', '액션']"
장건섭_Act_1,장건섭,Actor,1,['드라마']
문가람_Act_1,문가람,Actor,1,['미스터리']
백요섭_Act_1,백요섭,Actor,1,"['액션', '범죄']"
지성은_Act_1,지성은,Actor,1,"['액션', 'SF', '판타지']"
이유선_Act_1,이유선,Actor,1,"['코미디', '멜로/로맨스']"
황여진_Act_1,황여진,Actor,1,['코미디']
남현우_Act_1,남현우,Actor,2,"['액션', '드라마']"
손동운_Act_1,손동운,Actor,1,['공연']
전국향_Act_1,전국향,Actor,2,"['드라마', '스릴러', '범죄']"
이시현_Act_1,이시현,Actor,1,"['스릴러', '범죄']"
추성훈_Act_1,추성훈,Actor,1,['코미디']
강예서_Act_1,강예서,Actor,1,['미스터리']
임형태_Act_1,임형태,Actor,1,"['액션', '스릴러']"
조우진_Act_1,조우진,Actor,3,"['액션', '기타', '스릴러', 'SF', '판타지']"
박철민_Act_1,박철민,Actor,1,"['액션', '코미디']"
원현준_Act_1,원현준,Actor,1,['공포(호러)']
김정일_Act_1,김정일,Actor,1,['드라마']
이종성_Act_1,이종성,Actor,1,"['공포(호러)', '미스터리']"
이성환_Act_1,이성환,Actor,1,"['액션', '드라마']"
민준현_Act_1,민준현,Actor,2,"['액션', '스릴러', '범죄']"
김솔로몬_Act_1,김솔로몬,Actor,1,"['액션', 'SF', '판타지']"
이찬형_Act_1,이찬형,Actor,1,['드라마']
정영숙_Act_1,정영숙,Actor,1,['코미디']
권오윤_Act_1,권오윤,Actor,1,['액션']
성낙범_Act_1,성낙범,Actor,1,['드라마']
양상운_Act_1,양상운,Actor,1,"['드라마', '액션']"
최유리_Act_1,최유리,Actor,1,"['액션', 'SF', '판타지']"
서예희_Act_1,서예희,Actor,1,['멜로/로맨스']
여진구_Act_1,여진구,Actor,1,"['사극', '액션']"
신용욱_Act_1,신용욱,Actor,1,"['스릴러', '범죄']"
최호영_Act_1,최호영,Actor,1,"['공포(호러)', '미스터리']"
김종원_Act_1,김종원,Actor,1,"['공포(호러)', '미스터리']"
박희우_Act_1,박희우,Actor,1,"['액션', '드라마']"
조유신_Act_1,조유신,Actor,1,"['액션', '드라마', '스릴러']"
정원석_Act_1,정원석,Actor,1,['액션']
김상준_Act_1,김상준,Actor,1,['액션']
송명호_Act_1,송명호,Actor,1,['멜로/로맨스']
이명로_Act_1,이명로,Actor,1,"['액션', '범죄']"
나현정_Act_1,나현정,Actor,1,['코미디']
임동은_Act_1,임동은,Actor,1,['액션']
송지민_Act_1,송지민,Actor,2,['액션']
박종범_Act_1,박종범,Actor,1,"['액션', 'SF', '판타지']"
장영희_Act_1,장영희,Actor,5,"['드라마', '범죄']"
김태원_Act_1,김태원,Actor,1,['액션']
안용우_Act_1,안용우,Actor,1,['코미디']
차우진_Act_1,차우진,Actor,1,"['액션', '범죄']"
정운_Act_1,정운,Actor,1,['액션']
권훈_Act_1,권훈,Actor,1,['드라마']
변동욱_Act_1,변동욱,Actor,1,"['SF', '가족', '멜로/로맨스']"
허중회_Act_1,허중회,Actor,1,"['액션', '드라마']"
선인호_Act_1,선인호,Actor,1,"['액션', 'SF', '판타지']"
고권일_Act_1,고권일,Actor,1,['다큐멘터리']
문태수_Act_1,문태수,Actor,1,"['코미디', '멜로/로맨스']"
조현수_Act_1,조현수,Actor,4,"['사극', '액션', '드라마']"
김기환_Act_1,김기환,Actor,2,"['액션', '드라마']"
서채우_Act_1,서채우,Actor,1,['드라마']
박정수_Act_1,박정수,Actor,1,"['드라마', '코미디']"
이태규_Act_1,이태규,Actor,2,"['액션', '범죄']"
지상우_Act_1,지상우,Actor,1,"['사극', '액션']"
최민철_Act_1,최민철,Actor,1,"['액션', '드라마', '스릴러']"
이준창_Act_1,이준창,Actor,1,"['액션', 'SF', '판타지']"
권동원_Act_1,권동원,Actor,1,"['SF', '가족', '멜로/로맨스']"
문형철_Act_1,문형철,Actor,1,"['액션', '범죄']"
정지환_Act_1,정지환,Actor,1,"['드라마', '액션']"
안효준_Act_1,안효준,Actor,1,"['드라마', '액션']"
신우성_Act_1,신우성,Actor,1,"['액션', '서부극(웨스턴)', '코미디']"
박지은_Act_1,박지은,Actor,1,['드라마']
김현빈_Act_1,김현빈,Actor,1,['액션']
오자훈_Act_1,오자훈,Actor,2,"['액션', '드라마', '스릴러', '코미디']"
김종수_Act_1,김종수,Actor,1,['액션']
양흥주_Act_1,양흥주,Actor,3,"['드라마', '공포(호러)', '미스터리', '멜로/로맨스']"
안준호_Act_1,안준호,Actor,1,"['사극', '액션']"
박형준_Act_1,박형준,Actor,5,"['사극', '액션', '드라마', '코미디']"
이세창_Act_1,이세창,Actor,1,['드라마']
유해준_Act_1,유해준,Actor,1,"['드라마', '가족', '멜로/로맨스']"
한영균_Act_1,한영균,Actor,1,"['액션', '스릴러']"
윤제문_Act_1,윤제문,Actor,2,"['액션', '드라마']"
김승환_Act_1,김승환,Actor,1,"['액션', '범죄']"
이재남_Act_1,이재남,Actor,1,['드라마']
이재우_Act_1,이재우,Actor,1,"['사극', '액션']"
임유림_Act_1,임유림,Actor,1,['미스터리']
김소원_Act_1,김소원,Actor,2,"['액션', '멜로/로맨스', '공포(호러)', '범죄']"
김태겸_Act_1,김태겸,Actor,1,"['액션', '스릴러']"
정민철_Act_1,정민철,Actor,1,"['사극', '액션']"
윤상돈_Act_1,윤상돈,Actor,1,"['액션', '범죄']"
조현민_Act_1,조현민,Actor,1,"['액션', '스릴러', '범죄']"
김세희_Act_1,김세희,Actor,1,"['스릴러', '범죄']"
김종호_Act_1,김종호,Actor,3,"['드라마', '액션']"
고창석_Act_1,고창석,Actor,2,"['드라마', '코미디']"
문성복_Act_1,문성복,Actor,1,['드라마']
김무섭_Act_1,김무섭,Actor,3,"['사극', '액션', '드라마']"
김민주_Act_1,김민주,Actor,1,['미스터리']
김빛나래_Act_1,김빛나래,Actor,1,"['액션', 'SF', '판타지']"
박흥열_Act_1,박흥열,Actor,3,"['전쟁', '드라마', '범죄']"
김용준_Act_1,김용준,Actor,3,"['사극', '액션', '드라마']"
노은하_Act_1,노은하,Actor,1,"['액션', '스릴러']"
한예주_Act_1,한예주,Actor,1,"['공포(호러)', '스릴러', '미스터리']"
이용희_Act_1,이용희,Actor,1,"['액션', '드라마']"
윤정열_Act_1,윤정열,Actor,1,['미스터리']
박혜영_Act_1,박혜영,Actor,4,"['액션', '드라마', '스릴러', '범죄']"
송진석_Act_1,송진석,Actor,2,"['액션', '코미디', 'SF', '서부극(웨스턴)', '가족', '멜로/로맨스']"
조운성_Act_1,조운성,Actor,1,"['액션', 'SF', '판타지']"
이혜아_Act_1,이혜아,Actor,1,"['드라마', '코미디']"
이종섭_Act_1,이종섭,Actor,2,"['사극', '액션', '드라마']"
김도형_Act_1,김도형,Actor,1,"['공연', '뮤지컬']"
이동건_Act_1,이동건,Actor,1,"['코미디', '멜로/로맨스']"
박재민_Act_1,박재민,Actor,4,"['드라마', '액션']"
홍서준_Act_1,홍서준,Actor,2,"['드라마', '액션']"
김홍국_Act_1,김홍국,Actor,1,"['드라마', '코미디']"
김광석_Act_1,김광석,Actor,1,"['공포(호러)', '스릴러']"
어석환_Act_1,어석환,Actor,1,"['코미디', '멜로/로맨스']"
배진완_Act_1,배진완,Actor,2,"['액션', '드라마', '코미디']"
김찬미_Act_1,김찬미,Actor,1,"['코미디', '멜로/로맨스']"
채하니_Act_1,채하니,Actor,1,"['드라마', '코미디']"
전석호_Act_1,전석호,Actor,2,"['액션', '스릴러', '범죄']"
송치훈_Act_1,송치훈,Actor,1,"['사극', '액션']"
이시엽_Act_1,이시엽,Actor,1,"['액션', '드라마']"
이석형_Act_1,이석형,Actor,1,['공포(호러)']
조선기_Act_1,조선기,Actor,1,['액션']
심소영_Act_1,심소영,Actor,1,['공포(호러)']
정건주_Act_1,정건주,Actor,1,['드라마']
강지혜_Act_1,강지혜,Actor,1,"['공포(호러)', '미스터리']"
신혜선_Act_1,신혜선,Actor,1,"['액션', '범죄']"
김남준_Act_1,김남준,Actor,1,['공연']
공지삵_Act_1,공지삵,Actor,3,"['사극', '액션', '드라마']"
진희규_Act_1,진희규,Actor,1,"['액션', '범죄']"
김진솔_Act_1,김진솔,Actor,1,"['액션', '스릴러']"
안재원_Act_1,안재원,Actor,1,"['액션', 'SF', '판타지']"
윤혜리_Act_1,윤혜리,Actor,1,"['코미디', '멜로/로맨스']"
이찬규_Act_1,이찬규,Actor,1,['액션']
서갑숙_Act_1,서갑숙,Actor,2,"['드라마', '멜로/로맨스', '스릴러', '범죄']"
이예주_Act_1,이예주,Actor,1,['멜로/로맨스']
서진원_Act_1,서진원,Actor,2,"['드라마', '액션']"
전현숙_Act_1,전현숙,Actor,2,"['액션', '범죄']"
민우혁_Act_1,민우혁,Actor,1,['뮤지컬']
정재원_Act_1,정재원,Actor,2,"['액션', '스릴러']"
김태욱_Act_1,김태욱,Actor,1,"['액션', '범죄']"
오채은_Act_1,오채은,Actor,1,"['액션', 'SF', '판타지']"
우지만_Act_1,우지만,Actor,1,"['공포(호러)', '스릴러', '미스터리']"
정택현_Act_1,정택현,Actor,1,['드라마']
윤준원_Act_1,윤준원,Actor,2,"['드라마', '공포(호러)', '미스터리', '멜로/로맨스']"
김혜원_Act_1,김혜원,Actor,1,"['액션', '코미디']"
한우열_Act_1,한우열,Actor,1,"['액션', '범죄']"
김광태_Act_1,김광태,Actor,1,"['드라마', '코미디']"
류한종_Act_1,류한종,Actor,1,"['액션', '범죄']"
윤예희_Act_1,윤예희,Actor,1,['드라마']
이준_Act_1,이준,Actor,2,['액션']
이다윗_Act_1,이다윗,Actor,1,"['공포(호러)', '스릴러']"
오수경_Act_1,오수경,Actor,1,['다큐멘터리']
김승민_Act_1,김승민,Actor,1,"['드라마', '판타지', '멜로/로맨스']"
이지훈_Act_1,이지훈,Actor,4,"['액션', '범죄', '드라마', '공연', '뮤지컬']"
최홍일_Act_1,최홍일,Actor,2,"['드라마', '스릴러', '범죄']"
김재철_Act_1,김재철,Actor,1,"['액션', '스릴러']"
안보현_Act_1,안보현,Actor,2,"['액션', '사극', '범죄']"
구다송_Act_1,구다송,Actor,1,['드라마']
장남열_Act_1,장남열,Actor,1,"['드라마', '코미디']"
주동희_Act_1,주동희,Actor,1,['드라마']
유연수_Act_1,유연수,Actor,1,['멜로/로맨스']
김주용_Act_1,김주용,Actor,1,['액션']
김남진_Act_1,김남진,Actor,2,"['스릴러', '드라마', '공포(호러)', '판타지', '멜로/로맨스']"
오현수_Act_1,오현수,Actor,2,"['드라마', '코미디', '멜로/로맨스']"
박하연_Act_1,박하연,Actor,1,"['공포(호러)', '멜로/로맨스']"
이태경_Act_1,이태경,Actor,1,"['드라마', '멜로/로맨스']"
황민혁_Act_1,황민혁,Actor,3,"['사극', '액션', '드라마']"
도겸_Act_1,도겸,Actor,1,"['공연', '다큐멘터리']"
서인성_Act_1,서인성,Actor,1,['공포(호러)']
이창훈_Act_1,이창훈,Actor,2,"['액션', '공포(호러)', '범죄']"
박경옥_Act_1,박경옥,Actor,1,['드라마']
정창원_Act_1,정창원,Actor,1,"['드라마', '액션']"
김지양_Act_1,김지양,Actor,1,"['액션', '서부극(웨스턴)', '코미디']"
이병희_Act_1,이병희,Actor,1,"['액션', '범죄']"
서현재_Act_1,서현재,Actor,1,"['사극', '액션']"
허영진_Act_1,허영진,Actor,1,"['드라마', '코미디']"
박영준_Act_1,박영준,Actor,1,"['공포(호러)', '미스터리']"
이종혁_Act_1,이종혁,Actor,1,"['액션', '스릴러', '범죄']"
한태희_Act_1,한태희,Actor,1,['멜로/로맨스']
이준혁_Act_1,이준혁,Actor,5,"['드라마', '액션', '범죄']"
김대명_Act_1,김대명,Actor,3,"['액션', '드라마', '판타지', 'SF']"
김종태_Act_1,김종태,Actor,1,"['스릴러', '범죄']"
성동일_Act_1,성동일,Actor,1,"['액션', '코미디']"
김홍경_Act_1,김홍경,Actor,1,['액션']
채길병_Act_1,채길병,Actor,1,['코미디']
황태현_Act_1,황태현,Actor,1,['드라마']
안채희_Act_1,안채희,Actor,1,"['액션', '스릴러']"
심현섭_Act_1,심현섭,Actor,1,"['액션', '스릴러', '범죄']"
이진성_Act_1,이진성,Actor,1,['멜로/로맨스']
우원규_Act_1,우원규,Actor,1,"['액션', '스릴러']"
홍상우_Act_1,홍상우,Actor,1,"['액션', '범죄']"
김동형_Act_1,김동형,Actor,4,"['사극', '액션', '스릴러', '범죄']"
신민재_Act_1,신민재,Actor,3,"['액션', '코미디', '범죄']"
손숙_Act_1,손숙,Actor,1,"['드라마', '액션']"
기주봉_Act_1,기주봉,Actor,3,"['드라마', '액션']"
박성대_Act_1,박성대,Actor,1,['액션']
문성근_Act_1,문성근,Actor,1,['다큐멘터리']
김공_Act_1,김공,Actor,2,"['액션', '드라마']"
윤상일_Act_1,윤상일,Actor,1,['드라마']
배천수_Act_1,배천수,Actor,1,"['액션', '스릴러']"
주혁_Act_1,주혁,Actor,1,"['액션', '범죄']"
배명진_Act_1,배명진,Actor,2,"['액션', '드라마']"
이하늬_Act_1,이하늬,Actor,2,"['기타', '액션', '판타지', 'SF']"
신승용_Act_1,신승용,Actor,1,"['드라마', '판타지', '멜로/로맨스']"
윤옥길_Act_1,윤옥길,Actor,1,['코미디']
김정승_Act_1,김정승,Actor,1,"['액션', '코미디']"
정예진_Act_1,정예진,Actor,1,['액션']
허동원_Act_1,허동원,Actor,2,"['드라마', '액션', '범죄']"
김연교_Act_1,김연교,Actor,1,"['코미디', '멜로/로맨스']"
전한승_Act_1,전한승,Actor,1,"['액션', '스릴러']"
류승범_Act_1,류승범,Actor,1,"['액션', '스릴러']"
김보나_Act_1,김보나,Actor,1,['애니메이션']
전석찬_Act_1,전석찬,Actor,1,"['액션', '범죄']"
김영일_Act_1,김영일,Actor,1,"['스릴러', '범죄']"
손병욱_Act_1,손병욱,Actor,2,"['드라마', '액션']"
오영훈_Act_1,오영훈,Actor,1,"['공포(호러)', '스릴러', '미스터리']"
전찬웅_Act_1,전찬웅,Actor,1,['액션']
정재훈_Act_1,정재훈,Actor,2,"['액션', '드라마', '미스터리']"
홍성오_Act_1,홍성오,Actor,3,"['드라마', '액션', '가족', '범죄']"
민채연_Act_1,민채연,Actor,2,"['드라마', '멜로/로맨스']"
정순욱_Act_1,정순욱,Actor,1,"['스릴러', '범죄']"
이선우_Act_1,이선우,Actor,1,"['드라마', '코미디']"
김남희_Act_1,김남희,Actor,2,"['뮤지컬', '다큐멘터리']"
김영찬_Act_1,김영찬,Actor,2,"['액션', '드라마']"
이웅규_Act_1,이웅규,Actor,1,"['사극', '액션']"
박명훈_Act_1,박명훈,Actor,2,"['사극', '액션', '스릴러', '범죄']"
조준기_Act_1,조준기,Actor,1,['드라마']
황준수_Act_1,황준수,Actor,1,"['액션', '범죄']"
진경_Act_1,진경,Actor,3,"['액션', '스릴러', '범죄']"
김왕도_Act_1,김왕도,Actor,2,"['액션', 'SF', '판타지', '코미디']"
주헌_Act_1,주헌,Actor,1,['다큐멘터리']
김윤섭_Act_1,김윤섭,Actor,1,"['공포(호러)', '스릴러']"
박순천_Act_1,박순천,Actor,1,"['액션', '스릴러', '범죄']"
박인수_Act_1,박인수,Actor,1,['액션']
김범수_Act_1,김범수,Actor,1,"['사극', '액션']"
이주실_Act_1,이주실,Actor,1,['드라마']
박상아_Act_1,박상아,Actor,1,"['드라마', '액션']"
김형록_Act_1,김형록,Actor,1,"['사극', '액션']"
김유행_Act_1,김유행,Actor,1,['드라마']
정동화_Act_1,정동화,Actor,1,['드라마']
이호정_Act_1,이호정,Actor,2,"['드라마', '액션', '스릴러']"
김성경_Act_1,김성경,Actor,1,"['공포(호러)', '스릴러', '미스터리']"
유라엘_Act_1,유라엘,Actor,1,['드라마']
유서진_Act_1,유서진,Actor,1,['액션']
차영주_Act_1,차영주,Actor,1,"['액션', 'SF', '판타지']"
김운영_Act_1,김운영,Actor,1,"['액션', '범죄']"
황영윤_Act_1,황영윤,Actor,1,"['액션', '범죄']"
임우진_Act_1,임우진,Actor,1,"['액션', 'SF', '판타지']"
이동빈_Act_1,이동빈,Actor,2,"['액션', '드라마']"
최경훈_Act_1,최경훈,Actor,1,"['액션', '드라마']"
진모_Act_1,진모,Actor,1,['드라마']
김정주_Act_1,김정주,Actor,1,"['액션', '스릴러']"
신윤지_Act_1,신윤지,Actor,1,['드라마']
허승_Act_1,허승,Actor,1,"['액션', '범죄']"
이혁주_Act_1,이혁주,Actor,1,"['드라마', 'SF', '판타지', '가족', '멜로/로맨스']"
백승기_Act_1,백승기,Actor,2,"['액션', '코미디', 'SF', '서부극(웨스턴)', '가족', '멜로/로맨스']"
정유준_Act_1,정유준,Actor,1,"['사극', '액션']"
정회린_Act_1,정회린,Actor,1,"['드라마', '가족']"
이수아_Act_1,이수아,Actor,1,"['공포(호러)', '미스터리']"
오영철_Act_1,오영철,Actor,1,"['사극', '액션']"
이봉규_Act_1,이봉규,Actor,1,['드라마']
김시운_Act_1,김시운,Actor,1,"['액션', '코미디']"
김소희_Act_1,김소희,Actor,1,['액션']
이예진_Act_1,이예진,Actor,1,['드라마']
황혜란_Act_1,황혜란,Actor,1,['드라마']
장혁_Act_1,장혁,Actor,1,['액션']
정용현_Act_1,정용현,Actor,1,['액션']
최지환_Act_1,최지환,Actor,1,"['사극', '액션']"
손정아_Act_1,손정아,Actor,1,['액션']
김태윤_Act_1,김태윤,Actor,1,"['액션', '범죄']"
강다윤_Act_1,강다윤,Actor,1,['미스터리']
김준식_Act_1,김준식,Actor,1,['액션']
박해일_Act_1,박해일,Actor,2,"['액션', '드라마']"
전승재_Act_1,전승재,Actor,1,['코미디']
룡세형_Act_1,룡세형,Actor,1,"['액션', '범죄']"
최영일_Act_1,최영일,Actor,1,['드라마']
문일택_Act_1,문일택,Actor,1,"['코미디', '멜로/로맨스']"
곽동학_Act_1,곽동학,Actor,1,"['공포(호러)', '스릴러', '미스터리']"
임일규_Act_1,임일규,Actor,1,"['사극', '액션']"
김효민_Act_1,김효민,Actor,1,"['사극', '액션']"
남태우_Act_1,남태우,Actor,1,"['사극', '액션']"
정상균_Act_1,정상균,Actor,1,"['액션', '스릴러']"
김고운_Act_1,김고운,Actor,1,['드라마']
서문호_Act_1,서문호,Actor,3,"['액션', '범죄']"
정만식_Act_1,정만식,Actor,3,"['액션', '드라마', '범죄']"
김진홍_Act_1,김진홍,Actor,1,"['드라마', '멜로/로맨스']"
하헌진_Act_1,하헌진,Actor,1,"['드라마', '액션']"
김민_Act_1,김민,Actor,3,"['액션', '드라마', '범죄']"
연예림_Act_1,연예림,Actor,1,"['액션', '범죄']"
김태진_Act_1,김태진,Actor,1,['액션']
현서영_Act_1,현서영,Actor,1,"['사극', '액션']"
한상혁_Act_1,한상혁,Actor,1,"['코미디', '멜로/로맨스']"
정현옥_Act_1,정현옥,Actor,4,"['액션', '드라마', '범죄']"
아청_Act_1,아청,Actor,1,['드라마']
윤대원_Act_1,윤대원,Actor,1,"['액션', '드라마']"
유태근_Act_1,유태근,Actor,2,"['액션', '범죄']"
이봉련_Act_1,이봉련,Actor,1,"['액션', '범죄']"
호령_Act_1,호령,Actor,2,"['드라마', '범죄']"
유순웅_Act_1,유순웅,Actor,2,"['드라마', '가족']"
강인성_Act_1,강인성,Actor,1,"['액션', '범죄']"
김승용_Act_1,김승용,Actor,1,['드라마']
진구_Act_1,진구,Actor,1,['액션']
노아림_Act_1,노아림,Actor,1,"['드라마', '코미디']"
박지환_Act_1,박지환,Actor,4,"['액션', '드라마', '범죄']"
김새해_Act_1,김새해,Actor,1,['애니메이션']
류효정_Act_1,류효정,Actor,1,"['드라마', '액션']"
김성우_Act_1,김성우,Actor,1,"['액션', '범죄']"
황순원_Act_1,황순원,Actor,1,"['액션', '범죄']"
강신구_Act_1,강신구,Actor,4,"['전쟁', '드라마', '액션', '사극']"
김재현_Act_1,김재현,Actor,2,"['액션', 'SF', '미스터리', '공포(호러)', '판타지']"
강기원_Act_1,강기원,Actor,1,"['액션', 'SF', '판타지']"
남경읍_Act_1,남경읍,Actor,1,"['사극', '액션']"
윤상화_Act_1,윤상화,Actor,1,"['액션', '스릴러']"
선율우_Act_1,선율우,Actor,1,"['액션', '범죄']"
정수지_Act_1,정수지,Actor,1,"['드라마', '가족', '멜로/로맨스']"
이종욱_Act_1,이종욱,Actor,2,"['액션', '드라마']"
채서안_Act_1,채서안,Actor,1,['액션']
박경관_Act_1,박경관,Actor,1,['드라마']
노정의_Act_1,노정의,Actor,1,['드라마']
김중희_Act_1,김중희,Actor,2,"['사극', '액션', '드라마', '코미디']"
양희경_Act_1,양희경,Actor,1,"['드라마', '가족']"
김형일_Act_1,김형일,Actor,2,['드라마']
김영성_Act_1,김영성,Actor,1,"['액션', '범죄']"
정지훈_Act_1,정지훈,Actor,1,"['드라마', '스릴러']"
백종환_Act_1,백종환,Actor,1,"['액션', '범죄']"
성낙경_Act_1,성낙경,Actor,1,"['액션', '범죄']"
임수정_Act_1,임수정,Actor,2,"['드라마', '코미디', '멜로/로맨스']"
안용준_Act_1,안용준,Actor,1,"['액션', '스릴러', '범죄']"
송하림_Act_1,송하림,Actor,2,['애니메이션']
백현_Act_1,백현,Actor,1,"['드라마', '가족']"
신영찬_Act_1,신영찬,Actor,1,"['공포(호러)', '스릴러']"
백재민_Act_1,백재민,Actor,1,['드라마']
오지성_Act_1,오지성,Actor,1,['드라마']
최태주_Act_1,최태주,Actor,1,"['액션', '범죄']"
김아현_Act_1,김아현,Actor,1,"['액션', '범죄']"
임승민_Act_1,임승민,Actor,1,"['공포(호러)', '스릴러']"
박미소_Act_1,박미소,Actor,3,['드라마']
오동훈_Act_1,오동훈,Actor,1,"['사극', '액션']"
박주환_Act_1,박주환,Actor,1,"['액션', '범죄']"
김민환_Act_1,김민환,Actor,1,"['액션', 'SF', '판타지']"
조규현_Act_1,조규현,Actor,1,"['공연', '뮤지컬']"
김용현_Act_1,김용현,Actor,2,"['드라마', '스릴러', '범죄']"
윤현식_Act_1,윤현식,Actor,1,['코미디']
김해숙_Act_1,김해숙,Actor,1,"['액션', 'SF', '판타지']"
탁재훈_Act_1,탁재훈,Actor,1,['코미디']
윤돈선_Act_1,윤돈선,Actor,2,"['드라마', '코미디']"
송민석_Act_1,송민석,Actor,1,['드라마']
한훈_Act_1,한훈,Actor,1,"['액션', '스릴러']"
심재호_Act_1,심재호,Actor,1,"['스릴러', '범죄']"
정서인_Act_1,정서인,Actor,3,"['드라마', '코미디']"
감승민_Act_1,감승민,Actor,1,"['액션', '서부극(웨스턴)', '코미디']"
문바롬_Act_1,문바롬,Actor,4,"['사극', '액션', '드라마', 'SF', '판타지']"
문종호_Act_1,문종호,Actor,1,"['액션', '드라마']"
한미래_Act_1,한미래,Actor,3,"['드라마', '공포(호러)', '판타지', '범죄']"
장형모_Act_1,장형모,Actor,1,"['공포(호러)', '스릴러', '미스터리']"
전은정_Act_1,전은정,Actor,1,"['드라마', '멜로/로맨스']"
남규희_Act_1,남규희,Actor,1,['멜로/로맨스']
김준혁_Act_1,김준혁,Actor,1,['코미디']
김동식_Act_1,김동식,Actor,1,"['액션', '드라마']"
공경배_Act_1,공경배,Actor,2,"['액션', '범죄']"
박서영_Act_1,박서영,Actor,1,['드라마']
고병완_Act_1,고병완,Actor,1,"['공포(호러)', '스릴러']"
에녹_Act_1,에녹,Actor,1,"['공연', '뮤지컬']"
박노경_Act_1,박노경,Actor,1,"['드라마', '판타지', '멜로/로맨스']"
김정기_Act_1,김정기,Actor,1,"['액션', '범죄']"
오정세_Act_1,오정세,Actor,1,"['드라마', '코미디']"
박형섭_Act_1,박형섭,Actor,2,"['공포(호러)', '멜로/로맨스']"
박래영_Act_1,박래영,Actor,1,"['액션', 'SF', '판타지']"
이상협_Act_1,이상협,Actor,1,"['액션', '범죄']"
신혜지_Act_1,신혜지,Actor,1,"['액션', 'SF', '판타지']"
최서연_Act_1,최서연,Actor,1,['액션']
강소연_Act_1,강소연,Actor,2,"['액션', '코미디', 'SF', '서부극(웨스턴)', '가족', '멜로/로맨스']"
안병경_Act_1,안병경,Actor,2,['드라마']
김주희_Act_1,김주희,Actor,2,"['액션', '스릴러', '범죄']"
정지원_Act_1,정지원,Actor,1,"['액션', 'SF', '판타지']"
박시우_Act_1,박시우,Actor,1,['드라마']
박영찬_Act_1,박영찬,Actor,1,['드라마']
서명찬_Act_1,서명찬,Actor,1,['코미디']
김호진_Act_1,김호진,Actor,1,['드라마']
손성수_Act_1,손성수,Actor,1,['드라마']
배유리_Act_1,배유리,Actor,1,['드라마']
김예지_Act_1,김예지,Actor,2,"['공포(호러)', '코미디', '멜로/로맨스']"
안성경_Act_1,안성경,Actor,1,['드라마']
고기영_Act_1,고기영,Actor,3,"['사극', '액션', '드라마']"
조승구_Act_1,조승구,Actor,1,"['드라마', '코미디']"
이창욱_Act_1,이창욱,Actor,2,"['액션', '스릴러', '범죄']"
성민준_Act_1,성민준,Actor,1,"['스릴러', '범죄']"
김혜정_Act_1,김혜정,Actor,1,"['드라마', '액션']"
배은영_Act_1,배은영,Actor,2,"['공포(호러)', '멜로/로맨스']"
한규석_Act_1,한규석,Actor,1,"['액션', '드라마']"
채강_Act_1,채강,Actor,3,"['사극', '액션', '드라마']"
박재준_Act_1,박재준,Actor,1,"['공포(호러)', '미스터리']"
문병주_Act_1,문병주,Actor,1,"['액션', '스릴러']"
태상호_Act_1,태상호,Actor,1,"['액션', '드라마']"
고용화_Act_1,고용화,Actor,1,['드라마']
정인철_Act_1,정인철,Actor,3,"['드라마', '범죄']"
정명군_Act_1,정명군,Actor,1,"['액션', '범죄']"
양동혁_Act_1,양동혁,Actor,3,"['사극', '액션', '드라마']"
서제광_Act_1,서제광,Actor,1,"['공포(호러)', '미스터리']"
홍준영_Act_1,홍준영,Actor,1,"['액션', '범죄']"
권용덕_Act_1,권용덕,Actor,2,"['액션', '드라마']"
황민형_Act_1,황민형,Actor,1,"['사극', '액션']"
최선자_Act_1,최선자,Actor,1,['드라마']
김진욱_Act_1,김진욱,Actor,2,"['사극', '액션', '판타지', 'SF']"
김기현_Act_1,김기현,Actor,1,"['액션', '드라마']"
박상후_Act_1,박상후,Actor,2,"['공포(호러)', '멜로/로맨스']"
김영은_Act_1,김영은,Actor,1,"['판타지', '애니메이션', '어드벤처']"
최수견_Act_1,최수견,Actor,1,['멜로/로맨스']
손현주_Act_1,손현주,Actor,4,"['액션', '드라마']"
강덕중_Act_1,강덕중,Actor,4,"['액션', '드라마', '스릴러', '범죄']"
이희규_Act_1,이희규,Actor,1,"['액션', 'SF', '판타지']"
조상원_Act_1,조상원,Actor,1,"['액션', '드라마']"
변중희_Act_1,변중희,Actor,1,"['드라마', '가족', '멜로/로맨스']"
이종석_Act_1,이종석,Actor,1,['액션']
나현우_Act_1,나현우,Actor,1,['드라마']
이근진_Act_1,이근진,Actor,1,"['액션', '범죄']"
김광현_Act_1,김광현,Actor,1,"['공포(호러)', '미스터리']"
류성현_Act_1,류성현,Actor,2,"['액션', '스릴러', '범죄']"
송부건_Act_1,송부건,Actor,1,"['액션', '코미디']"
김동해_Act_1,김동해,Actor,1,['드라마']
오달수_Act_1,오달수,Actor,2,"['액션', '드라마', '범죄']"
유상훈_Act_1,유상훈,Actor,1,"['액션', '범죄']"
안현순_Act_1,안현순,Actor,1,"['액션', '범죄']"
추은경_Act_1,추은경,Actor,1,"['드라마', '액션']"
주종혁_Act_1,주종혁,Actor,1,"['액션', '드라마', '스릴러']"
이한주_Act_1,이한주,Actor,3,"['드라마', '가족', '멜로/로맨스']"
강성락_Act_1,강성락,Actor,3,"['사극', '액션', '드라마']"
김봉만_Act_1,김봉만,Actor,1,"['액션', '스릴러']"
백윤식_Act_1,백윤식,Actor,1,"['사극', '액션']"
장영_Act_1,장영,Actor,1,['코미디']
이해원_Act_1,이해원,Actor,1,"['액션', '범죄']"
은정완_Act_1,은정완,Actor,1,"['액션', '스릴러']"
이푸름_Act_1,이푸름,Actor,1,"['액션', '스릴러']"
왕우진_Act_1,왕우진,Actor,1,['액션']
경수빈_Act_1,경수빈,Actor,1,['멜로/로맨스']
주광현_Act_1,주광현,Actor,1,"['액션', '범죄']"
노영애_Act_1,노영애,Actor,1,['공포(호러)']
유동훈_Act_1,유동훈,Actor,1,"['드라마', '액션']"
진선규_Act_1,진선규,Actor,4,"['기타', '스릴러', '코미디']"
신재용_Act_1,신재용,Actor,1,"['액션', '범죄']"
박원진_Act_1,박원진,Actor,1,"['사극', '액션']"
전영_Act_1,전영,Actor,1,['드라마']
임희라_Act_1,임희라,Actor,1,"['액션', '드라마']"
임영서_Act_1,임영서,Actor,1,['드라마']
김강민_Act_1,김강민,Actor,1,"['액션', '스릴러']"
송건희_Act_1,송건희,Actor,1,"['드라마', '액션']"
박승현_Act_1,박승현,Actor,1,['드라마']
김성수_Act_1,김성수,Actor,2,"['드라마', '액션', '스릴러', '멜로/로맨스']"
김민준_Act_1,김민준,Actor,4,"['액션', '범죄', '스릴러', 'SF', '공포(호러)', '판타지']"
김도연_Act_1,김도연,Actor,1,['액션']
최귀화_Act_1,최귀화,Actor,2,"['액션', '스릴러', '범죄']"
김지안_Act_1,김지안,Actor,1,"['사극', '액션']"
장동윤_Act_1,장동윤,Actor,1,"['액션', '스릴러']"
남이슬_Act_1,남이슬,Actor,1,['액션']
성유빈_Act_1,성유빈,Actor,2,"['액션', '드라마']"
김민서_Act_1,김민서,Actor,1,"['액션', 'SF', '판타지']"
정용태_Act_1,정용태,Actor,1,['코미디']
백경선_Act_1,백경선,Actor,2,"['사극', '액션', '드라마']"
이가은혜_Act_1,이가은혜,Actor,1,['액션']
박은빈_Act_1,박은빈,Actor,1,['액션']
박옥출_Act_1,박옥출,Actor,2,"['드라마', '코미디']"
이나현_Act_1,이나현,Actor,1,"['액션', '스릴러']"
최기동_Act_1,최기동,Actor,1,['드라마']
이원민_Act_1,이원민,Actor,1,"['액션', 'SF', '판타지']"
신민선_Act_1,신민선,Actor,1,['멜로/로맨스']
박효주_Act_1,박효주,Actor,2,"['액션', '공포(호러)', '미스터리', '코미디']"
권혁범_Act_1,권혁범,Actor,1,"['액션', '범죄']"
박주용_Act_1,박주용,Actor,1,"['스릴러', '범죄']"
안태준_Act_1,안태준,Actor,2,"['액션', '드라마']"
미석_Act_1,미석,Actor,2,"['액션', '스릴러', '범죄']"
최동구_Act_1,최동구,Actor,2,"['액션', '범죄']"
손경원_Act_1,손경원,Actor,2,"['액션', '드라마']"
김재록_Act_1,김재록,Actor,1,['다큐멘터리']
한동원_Act_1,한동원,Actor,3,"['드라마', '코미디']"
손정환_Act_1,손정환,Actor,1,"['액션', '스릴러']"
고원석_Act_1,고원석,Actor,1,"['스릴러', '범죄']"
문지효_Act_1,문지효,Actor,1,['멜로/로맨스']
조수향_Act_1,조수향,Actor,1,['공포(호러)']
장원경_Act_1,장원경,Actor,1,"['액션', '스릴러']"
최훈재_Act_1,최훈재,Actor,1,"['드라마', '판타지', '멜로/로맨스']"
한송희_Act_1,한송희,Actor,2,"['액션', '드라마']"
신지소_Act_1,신지소,Actor,1,['드라마']
송예림_Act_1,송예림,Actor,1,"['드라마', '멜로/로맨스']"
박정경수_Act_1,박정경수,Actor,1,['다큐멘터리']
이정수_Act_1,이정수,Actor,2,"['액션', '드라마']"
최기섭_Act_1,최기섭,Actor,1,['액션']
이고르 페드로소_Act_1,이고르 페드로소,Actor,1,['코미디']
황인무_Act_1,황인무,Actor,1,"['액션', '범죄']"
신영옥_Act_1,신영옥,Actor,2,['액션']
윤홍빈_Act_1,윤홍빈,Actor,1,"['액션', '스릴러']"
안문주_Act_1,안문주,Actor,1,['드라마']
이라온_Act_1,이라온,Actor,1,['액션']
민무제_Act_1,민무제,Actor,1,['드라마']
심훈기_Act_1,심훈기,Actor,1,['드라마']
박민이_Act_1,박민이,Actor,1,['드라마']
서다예_Act_1,서다예,Actor,1,['드라마']
한태일_Act_1,한태일,Actor,1,"['전쟁', '드라마']"
문숙_Act_1,문숙,Actor,2,"['액션', '드라마']"
송선미_Act_1,송선미,Actor,2,['드라마']
김도훈_Act_1,김도훈,Actor,2,"['액션', '드라마', '스릴러', '공포(호러)']"
신현규_Act_1,신현규,Actor,2,"['액션', '드라마', '멜로/로맨스']"
윤라영_Act_1,윤라영,Actor,1,"['전쟁', '드라마']"
이지은_Act_1,이지은,Actor,2,"['드라마', '액션', '범죄']"
정환욱_Act_1,정환욱,Actor,1,['액션']
이은진_Act_1,이은진,Actor,1,['공포(호러)']
김대중_Act_1,김대중,Actor,3,['다큐멘터리']
김경희_Act_1,김경희,Actor,1,"['액션', '드라마']"
이창식_Act_1,이창식,Actor,1,"['액션', '범죄']"
허남준_Act_1,허남준,Actor,2,"['액션', '스릴러', '범죄']"
유시정_Act_1,유시정,Actor,1,['액션']
함건수_Act_1,함건수,Actor,1,"['드라마', '가족']"
백승철_Act_1,백승철,Actor,3,"['액션', '드라마', '스릴러', '범죄']"
김정진_Act_1,김정진,Actor,1,"['드라마', '액션']"
방예인_Act_1,방예인,Actor,1,"['코미디', '멜로/로맨스']"
정영민_Act_1,정영민,Actor,1,"['액션', '범죄']"
장유빈_Act_1,장유빈,Actor,1,"['공포(호러)', '스릴러']"
한지은_Act_1,한지은,Actor,1,"['사극', '액션']"
남기쁨_Act_1,남기쁨,Actor,2,"['드라마', '액션']"
전은미_Act_1,전은미,Actor,2,"['액션', 'SF', '판타지', '코미디']"
이도은_Act_1,이도은,Actor,2,"['액션', '공포(호러)', '범죄']"
변홍준_Act_1,변홍준,Actor,1,"['액션', '범죄']"
손수호_Act_1,손수호,Actor,3,"['사극', '액션', '드라마']"
황사무엘_Act_1,황사무엘,Actor,2,"['액션', '범죄']"
오충근_Act_1,오충근,Actor,1,"['액션', '범죄']"
서예안_Act_1,서예안,Actor,1,['드라마']
김정한_Act_1,김정한,Actor,2,"['드라마', '액션', '판타지', 'SF']"
정윤호_Act_1,정윤호,Actor,1,['드라마']
사정현_Act_1,사정현,Actor,1,"['액션', '스릴러', '범죄']"
엄기영_Act_1,엄기영,Actor,3,"['사극', '액션', '드라마']"
박영호_Act_1,박영호,Actor,1,['드라마']
심태선_Act_1,심태선,Actor,1,['드라마']
이승원_Act_1,이승원,Actor,2,"['공포(호러)', '스릴러', '미스터리']"
백종현_Act_1,백종현,Actor,1,"['액션', '스릴러']"
고윤_Act_1,고윤,Actor,1,['코미디']
박상면_Act_1,박상면,Actor,1,['드라마']
배진아_Act_1,배진아,Actor,1,['공포(호러)']
배경민_Act_1,배경민,Actor,1,"['코미디', '멜로/로맨스']"
황인기_Act_1,황인기,Actor,1,"['액션', '범죄']"
김경훈_Act_1,김경훈,Actor,1,"['사극', '액션']"
배성일_Act_1,배성일,Actor,2,"['드라마', '코미디']"
박진우_Act_1,박진우,Actor,2,"['드라마', '코미디']"
권지희_Act_1,권지희,Actor,1,"['사극', '액션']"
우혁_Act_1,우혁,Actor,3,"['사극', '액션', '드라마']"
이연우_Act_1,이연우,Actor,1,['드라마']
황호균_Act_1,황호균,Actor,1,"['스릴러', '범죄']"
성도현_Act_1,성도현,Actor,1,['드라마']
이정하_Act_1,이정하,Actor,1,['드라마']
이수진_Act_1,이수진,Actor,1,"['액션', 'SF', '판타지']"
길지혁_Act_1,길지혁,Actor,1,['공포(호러)']
이유린_Act_1,이유린,Actor,1,"['스릴러', '범죄']"
남정희_Act_1,남정희,Actor,1,"['액션', '범죄']"
우광제_Act_1,우광제,Actor,1,"['액션', '스릴러']"
정진운_Act_1,정진운,Actor,3,"['액션', '드라마', '스릴러', '범죄']"
마동석_Act_1,마동석,Actor,3,"['액션', '범죄']"
채원빈_Act_1,채원빈,Actor,1,['액션']
정수련_Act_1,정수련,Actor,1,['드라마']
윤지수_Act_1,윤지수,Actor,1,"['드라마', '가족']"
장순정_Act_1,장순정,Actor,1,"['드라마', '코미디']"
황대기_Act_1,황대기,Actor,1,"['코미디', '멜로/로맨스']"
한재웅_Act_1,한재웅,Actor,1,['액션']
서지영_Act_1,서지영,Actor,1,"['드라마', '판타지', '멜로/로맨스']"
박인국_Act_1,박인국,Actor,2,"['사극', '액션', '드라마']"
조전범_Act_1,조전범,Actor,1,['드라마']
이광호_Act_1,이광호,Actor,1,['액션']
오지훈_Act_1,오지훈,Actor,3,"['사극', '액션', '드라마']"
공명_Act_1,공명,Actor,3,"['사극', '액션', '드라마']"
조서후_Act_1,조서후,Actor,1,"['액션', '스릴러', '범죄']"
진대연_Act_1,진대연,Actor,2,"['드라마', '액션', '미스터리', '공포(호러)']"
엄옥란_Act_1,엄옥란,Actor,1,"['드라마', '가족']"
고상현_Act_1,고상현,Actor,1,['액션']
백하이_Act_1,백하이,Actor,1,['드라마']
고남호_Act_1,고남호,Actor,1,['액션']
윤계상_Act_1,윤계상,Actor,1,"['코미디', '멜로/로맨스']"
최형우_Act_1,최형우,Actor,1,"['액션', '범죄']"
최홍락_Act_1,최홍락,Actor,5,"['액션', '드라마', '스릴러', '범죄']"
정승현_Act_1,정승현,Actor,1,"['사극', '액션']"
박서함_Act_1,박서함,Actor,1,['멜로/로맨스']
안성봉_Act_1,안성봉,Actor,4,"['사극', '액션', '드라마', '코미디']"
정아람_Act_1,정아람,Actor,1,['드라마']
박건률_Act_1,박건률,Actor,1,"['액션', 'SF', '판타지']"
오정민_Act_1,오정민,Actor,1,"['공포(호러)', '멜로/로맨스']"
이나래_Act_1,이나래,Actor,1,"['드라마', '가족', '멜로/로맨스']"
이봄_Act_1,이봄,Actor,1,"['드라마', '멜로/로맨스']"
박종환_Act_1,박종환,Actor,3,"['드라마', 'SF', '판타지', '가족', '멜로/로맨스']"
박상원_Act_1,박상원,Actor,2,"['사극', '액션', '범죄']"
백주희_Act_1,백주희,Actor,2,"['액션', '스릴러']"
김림후_Act_1,김림후,Actor,2,"['액션', '스릴러', '범죄']"
유지애_Act_1,유지애,Actor,1,['액션']
이현웅_Act_1,이현웅,Actor,1,"['액션', '범죄']"
서광재_Act_1,서광재,Actor,2,"['드라마', '액션']"
김이현_Act_1,김이현,Actor,1,"['액션', '범죄']"
윤병희_Act_1,윤병희,Actor,5,"['액션', '코미디', '범죄', '스릴러', 'SF', '판타지']"
송길호_Act_1,송길호,Actor,2,"['액션', '드라마', '멜로/로맨스']"
김려은_Act_1,김려은,Actor,1,"['드라마', '액션']"
정병호_Act_1,정병호,Actor,1,['드라마']
윤전일_Act_1,윤전일,Actor,1,"['공연', '뮤지컬']"
현명한_Act_1,현명한,Actor,1,"['공포(호러)', '미스터리']"
오재세_Act_1,오재세,Actor,2,"['액션', '스릴러', '코미디']"
최덕문_Act_1,최덕문,Actor,2,"['사극', '액션', '스릴러', '범죄']"
이승민_Act_1,이승민,Actor,1,"['공포(호러)', '멜로/로맨스']"
표민엽_Act_1,표민엽,Actor,1,"['액션', '스릴러', '범죄']"
허준호_Act_1,허준호,Actor,3,"['액션', '드라마', '사극', '범죄']"
신기환_Act_1,신기환,Actor,1,"['공포(호러)', '스릴러', '미스터리']"
윤주상_Act_1,윤주상,Actor,2,"['드라마', '액션', '가족', '코미디']"
신원중_Act_1,신원중,Actor,1,['드라마']
박수진_Act_1,박수진,Actor,1,"['액션', 'SF', '판타지']"
박예리_Act_1,박예리,Actor,1,"['공포(호러)', '스릴러', '미스터리']"
김시국_Act_1,김시국,Actor,2,"['사극', '액션', '드라마']"
박수연_Act_1,박수연,Actor,1,['기타']
김대근_Act_1,김대근,Actor,1,"['액션', '범죄']"
이종진_Act_1,이종진,Actor,1,"['액션', '드라마']"
원승재_Act_1,원승재,Actor,1,"['액션', '스릴러']"
김율호_Act_1,김율호,Actor,1,['미스터리']
이진한_Act_1,이진한,Actor,2,"['액션', '드라마', '범죄']"
장재영_Act_1,장재영,Actor,1,['액션']
박선오_Act_1,박선오,Actor,1,"['공포(호러)', '멜로/로맨스']"
황창기_Act_1,황창기,Actor,1,"['액션', '드라마']"
여민정_Act_1,여민정,Actor,1,"['판타지', '애니메이션', '어드벤처']"
이선희_Act_1,이선희,Actor,2,"['액션', 'SF', '판타지']"
오원빈_Act_1,오원빈,Actor,1,"['드라마', '액션', '범죄']"
김영훈_Act_1,김영훈,Actor,1,['드라마']
이규원_Act_1,이규원,Actor,2,"['액션', '스릴러', '범죄']"
김우겸_Act_1,김우겸,Actor,1,['기타']
이다솔_Act_1,이다솔,Actor,1,['드라마']
김병준_Act_1,김병준,Actor,1,['드라마']
이시형_Act_1,이시형,Actor,1,"['액션', '범죄']"
신정근_Act_1,신정근,Actor,2,"['기타', '액션', '판타지', 'SF']"
김병철_Act_1,김병철,Actor,2,"['액션', '코미디', '범죄']"
김기영_Act_1,김기영,Actor,1,"['드라마', '액션']"
김라온_Act_1,김라온,Actor,1,"['공포(호러)', '미스터리']"
정성호_Act_1,정성호,Actor,1,['액션']
채원우_Act_1,채원우,Actor,1,"['사극', '액션']"
김현호_Act_1,김현호,Actor,1,['액션']
윤성모_Act_1,윤성모,Actor,1,['드라마']
최선중_Act_1,최선중,Actor,1,"['액션', '드라마', '스릴러']"
이도군_Act_1,이도군,Actor,2,"['드라마', '코미디']"
이한종_Act_1,이한종,Actor,1,"['코미디', '멜로/로맨스']"
이문석_Act_1,이문석,Actor,1,"['액션', '스릴러']"
심영석_Act_1,심영석,Actor,1,['액션']
이재석_Act_1,이재석,Actor,1,"['액션', '스릴러']"
차재현_Act_1,차재현,Actor,1,"['액션', '범죄']"
이병길_Act_1,이병길,Actor,1,"['드라마', '액션']"
정다은_Act_1,정다은,Actor,1,['드라마']
소지섭_Act_1,소지섭,Actor,1,"['액션', 'SF', '판타지']"
변봉식_Act_1,변봉식,Actor,1,"['사극', '액션']"
이주미_Act_1,이주미,Actor,2,"['드라마', '액션', '코미디', '범죄']"
백익남_Act_1,백익남,Actor,1,['드라마']
박승준_Act_1,박승준,Actor,1,"['드라마', '가족']"
서지후_Act_1,서지후,Actor,1,['액션']
차순배_Act_1,차순배,Actor,1,['액션']
이관목_Act_1,이관목,Actor,1,['공포(호러)']
김병만_Act_1,김병만,Actor,1,"['액션', '범죄']"
이보영_Act_1,이보영,Actor,3,"['액션', '드라마', '판타지', 'SF']"
고은영_Act_1,고은영,Actor,2,"['드라마', '다큐멘터리']"
현봉식_Act_1,현봉식,Actor,7,"['드라마', '액션', '공포(호러)', '범죄']"
이태영_Act_1,이태영,Actor,1,['드라마']
박시연_Act_1,박시연,Actor,1,"['액션', 'SF', '판타지']"
조창원_Act_1,조창원,Actor,1,['액션']
최소윤_Act_1,최소윤,Actor,1,"['공포(호러)', '미스터리']"
이준용_Act_1,이준용,Actor,1,['드라마']
김성균_Act_1,김성균,Actor,4,"['드라마', '액션', '코미디']"
이섭정_Act_1,이섭정,Actor,1,"['액션', 'SF', '판타지']"
박근수_Act_1,박근수,Actor,1,['드라마']
임지호_Act_1,임지호,Actor,1,['멜로/로맨스']
박미영_Act_1,박미영,Actor,1,['드라마']
조현정_Act_1,조현정,Actor,1,"['판타지', '애니메이션', '어드벤처']"
유명환_Act_1,유명환,Actor,1,"['사극', '액션']"
박선교_Act_1,박선교,Actor,2,"['액션', '드라마']"
송지오_Act_1,송지오,Actor,1,['멜로/로맨스']
이선호_Act_1,이선호,Actor,1,['액션']
최단비_Act_1,최단비,Actor,1,"['사극', '액션']"
신소율_Act_1,신소율,Actor,3,"['드라마', '공포(호러)', '미스터리', '멜로/로맨스']"
이형길_Act_1,이형길,Actor,1,"['액션', '스릴러']"
최광덕_Act_1,최광덕,Actor,1,"['액션', '범죄']"
강수호_Act_1,강수호,Actor,1,"['사극', '액션']"
윤정한_Act_1,윤정한,Actor,1,"['공포(호러)', '스릴러', '미스터리']"
임진혁_Act_1,임진혁,Actor,1,['드라마']
김재일_Act_1,김재일,Actor,1,"['액션', '스릴러', '범죄']"
김기호_Act_1,김기호,Actor,3,"['액션', '드라마', '범죄']"
정재용_Act_1,정재용,Actor,1,['드라마']
이은주_Act_1,이은주,Actor,2,['드라마']
박도연_Act_1,박도연,Actor,1,"['SF', '가족', '멜로/로맨스']"
나호숙_Act_1,나호숙,Actor,1,"['드라마', '액션']"
조아람_Act_1,조아람,Actor,1,['드라마']
정민혁_Act_1,정민혁,Actor,1,"['사극', '액션']"
박수찬_Act_1,박수찬,Actor,2,"['액션', 'SF', '판타지', '범죄']"
최미금_Act_1,최미금,Actor,1,['기타']
민혁_Act_1,민혁,Actor,1,['다큐멘터리']
이명자_Act_1,이명자,Actor,1,"['액션', '범죄']"
윤두준_Act_1,윤두준,Actor,1,['공연']
고훈목_Act_1,고훈목,Actor,1,"['드라마', '액션']"
이민영_Act_1,이민영,Actor,1,['드라마']
김성진_Act_1,김성진,Actor,1,"['드라마', '액션']"
김나윤_Act_1,김나윤,Actor,1,"['공포(호러)', '미스터리']"
조민국_Act_1,조민국,Actor,1,"['코미디', '멜로/로맨스']"
황두하_Act_1,황두하,Actor,2,['미스터리']
서지희_Act_1,서지희,Actor,1,"['드라마', '액션', '범죄']"
정회근_Act_1,정회근,Actor,1,['액션']
신영숙_Act_1,신영숙,Actor,1,"['공연', '뮤지컬']"
조관우_Act_1,조관우,Actor,1,"['액션', '범죄']"
강채빈_Act_1,강채빈,Actor,2,"['스릴러', '코미디', '범죄']"
유독현_Act_1,유독현,Actor,1,"['액션', 'SF', '판타지']"
김민우_Act_1,김민우,Actor,1,"['드라마', '멜로/로맨스']"
홍성춘_Act_1,홍성춘,Actor,1,['드라마']
조승원_Act_1,조승원,Actor,1,['액션']
공진서_Act_1,공진서,Actor,1,['드라마']
오준혁_Act_1,오준혁,Actor,2,"['드라마', '코미디', '멜로/로맨스']"
정동근_Act_1,정동근,Actor,4,"['액션', '드라마', '스릴러', '사극']"
신우희_Act_1,신우희,Actor,2,"['액션', '범죄']"
심가영_Act_1,심가영,Actor,1,['드라마']
정무성_Act_1,정무성,Actor,1,"['액션', '범죄']"
유인영_Act_1,유인영,Actor,1,['드라마']
강희제_Act_1,강희제,Actor,2,"['액션', '범죄']"
방민아_Act_1,방민아,Actor,1,['코미디']
하윤서_Act_1,하윤서,Actor,1,['코미디']
강인기_Act_1,강인기,Actor,1,"['코미디', '멜로/로맨스']"
공서연_Act_1,공서연,Actor,1,"['드라마', '판타지', '멜로/로맨스']"
서상원_Act_1,서상원,Actor,2,"['액션', '드라마']"
양재희_Act_1,양재희,Actor,1,['액션']
조서인_Act_1,조서인,Actor,1,['미스터리']
김주연_Act_1,김주연,Actor,1,"['액션', '범죄']"
좌승현_Act_1,좌승현,Actor,1,"['공포(호러)', '스릴러']"
김창수_Act_1,김창수,Actor,1,"['드라마', '코미디']"
안지호_Act_1,안지호,Actor,1,['드라마']
조현_Act_1,조현,Actor,1,"['공포(호러)', '스릴러']"
남명렬_Act_1,남명렬,Actor,2,"['사극', '액션', '스릴러']"
안준형_Act_1,안준형,Actor,1,"['드라마', '코미디']"
성열석_Act_1,성열석,Actor,1,['드라마']
김옥주_Act_1,김옥주,Actor,1,['드라마']
박정학_Act_1,박정학,Actor,1,['드라마']
손석구_Act_1,손석구,Actor,1,"['액션', '범죄']"
윤상원_Act_1,윤상원,Actor,3,"['액션', '드라마', '판타지', 'SF']"
황자영_Act_1,황자영,Actor,1,['드라마']
이설_Act_1,이설,Actor,1,"['액션', '스릴러']"
강소이_Act_1,강소이,Actor,1,['드라마']
정재광_Act_1,정재광,Actor,1,"['액션', '범죄']"
신연서_Act_1,신연서,Actor,1,"['드라마', '판타지', '멜로/로맨스']"
김세정_Act_1,김세정,Actor,2,"['드라마', '액션', '판타지', 'SF']"
장지호_Act_1,장지호,Actor,1,['액션']
장선유_Act_1,장선유,Actor,1,"['드라마', '멜로/로맨스']"
강시현_Act_1,강시현,Actor,2,['애니메이션']
강춘선_Act_1,강춘선,Actor,1,"['액션', 'SF', '판타지']"
서영주_Act_1,서영주,Actor,1,"['스릴러', '미스터리']"
김지수_Act_1,김지수,Actor,1,"['액션', '범죄']"
박진수_Act_1,박진수,Actor,1,"['스릴러', '범죄']"
에스쿱스_Act_1,에스쿱스,Actor,1,"['공연', '다큐멘터리']"
이동현_Act_1,이동현,Actor,1,"['사극', '액션']"
이윤희_Act_1,이윤희,Actor,2,"['드라마', '코미디', '멜로/로맨스']"
김양우_Act_1,김양우,Actor,1,"['코미디', '멜로/로맨스']"
허태경_Act_1,허태경,Actor,1,"['사극', '액션']"
백민현_Act_1,백민현,Actor,1,['공포(호러)']
곽시양_Act_1,곽시양,Actor,1,"['액션', '코미디']"
이동형_Act_1,이동형,Actor,1,['다큐멘터리']
서홍석_Act_1,서홍석,Actor,1,['드라마']
박영덕_Act_1,박영덕,Actor,1,"['액션', '범죄']"
최성식_Act_1,최성식,Actor,1,"['스릴러', '범죄']"
김성준_Act_1,김성준,Actor,2,"['액션', '스릴러', '드라마', '미스터리', '공포(호러)']"
박혜정_Act_1,박혜정,Actor,1,"['공포(호러)', '스릴러', '미스터리']"
조문정_Act_1,조문정,Actor,1,"['액션', '서부극(웨스턴)', '코미디']"
신희철_Act_1,신희철,Actor,1,['액션']
배현성_Act_1,배현성,Actor,2,"['액션', '드라마']"
서현진_Act_1,서현진,Actor,1,['드라마']
함은정_Act_1,함은정,Actor,1,['드라마']
하수빈_Act_1,하수빈,Actor,1,['멜로/로맨스']
전도연_Act_1,전도연,Actor,1,"['액션', '스릴러']"
이원진_Act_1,이원진,Actor,3,"['드라마', '코미디']"
서은수_Act_1,서은수,Actor,1,['액션']
한서희_Act_1,한서희,Actor,1,['액션']
김채하_Act_1,김채하,Actor,1,"['판타지', '애니메이션', '어드벤처']"
윤진_Act_1,윤진,Actor,1,['드라마']
신현용_Act_1,신현용,Actor,1,"['액션', '범죄']"
이성욱_Act_1,이성욱,Actor,1,"['사극', '액션']"
김다솔_Act_1,김다솔,Actor,2,"['액션', '범죄']"
손종학_Act_1,손종학,Actor,2,"['액션', '스릴러', '코미디']"
곽진석_Act_1,곽진석,Actor,2,"['액션', '드라마']"
오현경_Act_1,오현경,Actor,1,['드라마']
최영우_Act_1,최영우,Actor,1,['액션']
강성하_Act_1,강성하,Actor,1,"['스릴러', '범죄']"
박인지_Act_1,박인지,Actor,1,"['드라마', '가족', '멜로/로맨스']"
정규영_Act_1,정규영,Actor,1,"['액션', '범죄']"
이서준_Act_1,이서준,Actor,2,"['액션', '드라마']"
배다해_Act_1,배다해,Actor,1,['뮤지컬']
윤영진_Act_1,윤영진,Actor,1,"['사극', '액션']"
정동환_Act_1,정동환,Actor,1,['드라마']
이동호_Act_1,이동호,Actor,1,"['액션', '범죄']"
정승원_Act_1,정승원,Actor,1,['드라마']
송연지_Act_1,송연지,Actor,1,"['액션', '스릴러', '범죄']"
김방선_Act_1,김방선,Actor,2,"['드라마', '액션', '판타지', 'SF']"
구시연_Act_1,구시연,Actor,2,"['드라마', '코미디', '멜로/로맨스']"
신유람_Act_1,신유람,Actor,1,"['액션', '범죄']"
이동석_Act_1,이동석,Actor,2,"['액션', 'SF', '판타지']"
이시헌_Act_1,이시헌,Actor,1,"['사극', '액션']"
박채익_Act_1,박채익,Actor,1,['드라마']
설경구_Act_1,설경구,Actor,1,['드라마']
이동민_Act_1,이동민,Actor,1,['코미디']
남윤호_Act_1,남윤호,Actor,1,['드라마']
정윤하_Act_1,정윤하,Actor,1,['코미디']
김진영_Act_1,김진영,Actor,1,"['공포(호러)', '미스터리']"
김가을_Act_1,김가을,Actor,1,"['액션', '범죄']"
김명수_Act_1,김명수,Actor,1,"['사극', '액션']"
송요셉_Act_1,송요셉,Actor,2,"['사극', '액션', '범죄']"
박동기_Act_1,박동기,Actor,2,"['드라마', '액션', '코미디']"
차래형_Act_1,차래형,Actor,1,['드라마']
강아름_Act_1,강아름,Actor,1,"['공포(호러)', '스릴러', '미스터리']"
송새벽_Act_1,송새벽,Actor,1,['코미디']
홍민수_Act_1,홍민수,Actor,1,['드라마']
채영숙_Act_1,채영숙,Actor,1,['미스터리']
이민수_Act_1,이민수,Actor,1,"['사극', '액션']"
박상현_Act_1,박상현,Actor,2,['미스터리']
심희영_Act_1,심희영,Actor,1,"['공포(호러)', '스릴러', '미스터리']"
정기섭_Act_1,정기섭,Actor,2,"['사극', '액션', '드라마', '코미디']"
신범식_Act_1,신범식,Actor,1,['애니메이션']
송하현_Act_1,송하현,Actor,1,"['공포(호러)', '미스터리']"
우상기_Act_1,우상기,Actor,2,"['드라마', '액션', '판타지', 'SF']"
이두열_Act_1,이두열,Actor,2,"['드라마', '코미디']"
정지현_Act_1,정지현,Actor,1,['드라마']
김효주_Act_1,김효주,Actor,2,"['액션', '드라마']"
한수아_Act_1,한수아,Actor,1,"['액션', 'SF', '판타지']"
박경복_Act_1,박경복,Actor,2,"['액션', '공포(호러)', '범죄']"
빅알렉스_Act_1,빅알렉스,Actor,1,"['액션', '스릴러']"
노재훈_Act_1,노재훈,Actor,1,"['액션', '범죄']"
최호섭_Act_1,최호섭,Actor,1,"['액션', '범죄']"
유성간_Act_1,유성간,Actor,1,"['드라마', '가족']"
홍성우_Act_1,홍성우,Actor,1,['드라마']
이이슬_Act_1,이이슬,Actor,2,"['드라마', '코미디']"
최광희_Act_1,최광희,Actor,1,"['액션', '범죄']"
지건우_Act_1,지건우,Actor,1,"['액션', 'SF', '판타지']"
한지훈_Act_1,한지훈,Actor,1,"['액션', 'SF', '판타지']"
이호영_Act_1,이호영,Actor,1,"['액션', '서부극(웨스턴)', '코미디']"
김대한_Act_1,김대한,Actor,1,['액션']
이승준_Act_1,이승준,Actor,2,"['액션', '스릴러']"
강승수_Act_1,강승수,Actor,1,"['액션', '드라마']"
황순명_Act_1,황순명,Actor,1,"['액션', '범죄']"
이경준_Act_1,이경준,Actor,1,"['스릴러', '범죄']"
양소민_Act_1,양소민,Actor,1,['드라마']
이진희_Act_1,이진희,Actor,4,"['액션', '드라마', '범죄']"
김지아_Act_1,김지아,Actor,3,"['액션', '드라마', '스릴러']"
송보은_Act_1,송보은,Actor,1,"['드라마', '코미디']"
이금빈_Act_1,이금빈,Actor,1,"['액션', '드라마']"
송영재_Act_1,송영재,Actor,1,['드라마']
이진호_Act_1,이진호,Actor,1,"['드라마', '액션']"
박윤결_Act_1,박윤결,Actor,1,"['액션', '범죄']"
이가현_Act_1,이가현,Actor,1,"['액션', 'SF', '판타지']"
허재욱_Act_1,허재욱,Actor,1,"['사극', '액션']"
손미희_Act_1,손미희,Actor,1,['드라마']
김병민_Act_1,김병민,Actor,1,"['액션', '범죄']"
허연정_Act_1,허연정,Actor,1,['드라마']
이유주_Act_1,이유주,Actor,1,['공포(호러)']
임보현_Act_1,임보현,Actor,1,"['액션', 'SF', '판타지']"
문일완_Act_1,문일완,Actor,1,"['액션', '코미디']"
박용우_Act_1,박용우,Actor,1,"['사극', '액션']"
우지_Act_1,우지,Actor,1,"['공연', '다큐멘터리']"
박수현_Act_1,박수현,Actor,1,['코미디']
이주혁_Act_1,이주혁,Actor,1,"['액션', 'SF', '판타지']"
장우용_Act_1,장우용,Actor,1,"['액션', '범죄']"
박상준_Act_1,박상준,Actor,2,"['사극', '액션', '드라마']"
이상헌_Act_1,이상헌,Actor,1,"['액션', '범죄']"
진범일_Act_1,진범일,Actor,1,"['사극', '액션']"
이충구_Act_1,이충구,Actor,1,"['액션', '범죄']"
이용재_Act_1,이용재,Actor,1,"['액션', '스릴러']"
카이_Act_1,카이,Actor,1,"['전쟁', '드라마']"
박성우_Act_1,박성우,Actor,2,"['액션', '범죄', '멜로/로맨스']"
김태훈_Act_1,김태훈,Actor,2,"['사극', '액션', '코미디']"
지창욱_Act_1,지창욱,Actor,1,"['액션', '스릴러']"
이자벨 위페르_Act_1,이자벨 위페르,Actor,1,['드라마']
김미선_Act_1,김미선,Actor,1,['드라마']
김재근_Act_1,김재근,Actor,1,['드라마']
변요한_Act_1,변요한,Actor,2,"['액션', '드라마']"
김성룡_Act_1,김성룡,Actor,1,"['액션', '범죄']"
조진결_Act_1,조진결,Actor,1,"['액션', 'SF', '판타지']"
박해준_Act_1,박해준,Actor,1,['드라마']
김원해_Act_1,김원해,Actor,3,"['액션', '스릴러', '범죄']"
장민욱_Act_1,장민욱,Actor,1,['액션']
전수향_Act_1,전수향,Actor,1,"['스릴러', '범죄']"
임연빈_Act_1,임연빈,Actor,1,"['액션', '범죄']"
이단_Act_1,이단,Actor,2,"['액션', '드라마']"
이태형_Act_1,이태형,Actor,3,"['액션', '사극', '코미디', '멜로/로맨스']"
백서빈_Act_1,백서빈,Actor,1,"['드라마', '판타지', '멜로/로맨스']"
이관민_Act_1,이관민,Actor,1,"['액션', '범죄']"
한혜지_Act_1,한혜지,Actor,2,"['드라마', '공포(호러)', '미스터리']"
신재환_Act_1,신재환,Actor,1,"['액션', '범죄']"
이성민_Act_1,이성민,Actor,3,"['액션', '드라마', '공포(호러)', '스릴러']"
옥택연_Act_1,옥택연,Actor,2,"['액션', '드라마']"
김동주_Act_1,김동주,Actor,1,"['액션', '범죄']"
김동욱_Act_1,김동욱,Actor,1,"['드라마', '액션']"
저스틴 하비_Act_1,저스틴 하비,Actor,1,['액션']
조동희_Act_1,조동희,Actor,1,"['액션', '범죄']"
이광수_Act_1,이광수,Actor,1,['코미디']
조경이_Act_1,조경이,Actor,2,['애니메이션']
유지은_Act_1,유지은,Actor,1,['드라마']
박가연_Act_1,박가연,Actor,1,"['액션', '스릴러', '범죄']"
안승미_Act_1,안승미,Actor,1,['드라마']
김희라_Act_1,김희라,Actor,1,['드라마']
송창규_Act_1,송창규,Actor,2,['드라마']
최형_Act_1,최형,Actor,1,"['스릴러', '범죄']"
전세현_Act_1,전세현,Actor,1,"['액션', '스릴러', '범죄']"
박정_Act_1,박정,Actor,1,"['액션', '드라마']"
김진모_Act_1,김진모,Actor,1,['액션']
김다현_Act_1,김다현,Actor,1,['드라마']
황정민_Act_1,황정민,Actor,3,"['액션', '드라마', '스릴러', '범죄']"
유현_Act_1,유현,Actor,1,['코미디']
김은동_Act_1,김은동,Actor,1,"['액션', '범죄']"
정애화_Act_1,정애화,Actor,2,"['드라마', '액션', '가족']"
김진만_Act_1,김진만,Actor,1,"['액션', '스릴러']"
여시현_Act_1,여시현,Actor,1,"['스릴러', '범죄']"
윤승훈_Act_1,윤승훈,Actor,2,"['액션', '드라마']"
이동규_Act_1,이동규,Actor,2,"['액션', '드라마', '공포(호러)']"
이종민_Act_1,이종민,Actor,1,"['스릴러', '범죄']"
원동은_Act_1,원동은,Actor,1,['드라마']
시은미_Act_1,시은미,Actor,1,['드라마']
한주희_Act_1,한주희,Actor,1,['드라마']
장유화_Act_1,장유화,Actor,1,"['사극', '액션']"
조용환_Act_1,조용환,Actor,2,"['액션', '서부극(웨스턴)', '코미디', '범죄']"
김예주_Act_1,김예주,Actor,1,"['액션', 'SF', '판타지']"
이승희_Act_1,이승희,Actor,1,['드라마']
나현민_Act_1,나현민,Actor,1,['코미디']
김세중_Act_1,김세중,Actor,1,"['액션', '범죄']"
한서울_Act_1,한서울,Actor,1,"['드라마', '코미디']"
이영란_Act_1,이영란,Actor,1,['드라마']
서승현_Act_1,서승현,Actor,1,['액션']
김도의_Act_1,김도의,Actor,1,"['드라마', 'SF', '판타지', '가족', '멜로/로맨스']"
손태양_Act_1,손태양,Actor,1,"['액션', '스릴러', '범죄']"
양미선_Act_1,양미선,Actor,3,"['액션', '드라마', 'SF', '판타지', '가족']"
이택근_Act_1,이택근,Actor,1,"['액션', 'SF', '판타지']"
라경덕_Act_1,라경덕,Actor,1,"['액션', '스릴러', '범죄']"
엄채윤_Act_1,엄채윤,Actor,1,"['공포(호러)', '미스터리']"
임승준_Act_1,임승준,Actor,2,"['액션', '범죄']"
변은지_Act_1,변은지,Actor,1,"['드라마', '멜로/로맨스']"
김수민_Act_1,김수민,Actor,1,['드라마']
최유정_Act_1,최유정,Actor,2,"['액션', '드라마', '멜로/로맨스']"
옥자연_Act_1,옥자연,Actor,1,"['액션', 'SF', '판타지']"
이주한_Act_1,이주한,Actor,3,"['액션', '스릴러', '드라마', '미스터리', '공포(호러)']"
정회동_Act_1,정회동,Actor,3,"['드라마', '코미디']"
공재민_Act_1,공재민,Actor,2,['드라마']
배윤민_Act_1,배윤민,Actor,1,"['액션', 'SF', '판타지']"
김성제_Act_1,김성제,Actor,1,['드라마']
김현태_Act_1,김현태,Actor,2,"['액션', '드라마']"
박세현_Act_1,박세현,Actor,1,['공포(호러)']
김보라_Act_1,김보라,Actor,2,"['공포(호러)', '미스터리']"
박근형_Act_1,박근형,Actor,1,['액션']
승관_Act_1,승관,Actor,1,"['공연', '다큐멘터리']"
정병두_Act_1,정병두,Actor,2,"['액션', '드라마', '스릴러']"
이창인_Act_1,이창인,Actor,1,"['액션', '스릴러']"
염정아_Act_1,염정아,Actor,3,"['기타', '액션', 'SF', '판타지']"
문호진_Act_1,문호진,Actor,1,"['공포(호러)', '스릴러']"
김 환_Act_1,김 환,Actor,2,"['액션', '범죄']"
홍성덕_Act_1,홍성덕,Actor,1,"['코미디', '멜로/로맨스']"
전이서_Act_1,전이서,Actor,1,"['드라마', '코미디']"
전병윤_Act_1,전병윤,Actor,1,"['공포(호러)', '스릴러']"
임송이_Act_1,임송이,Actor,1,['드라마']
강정우_Act_1,강정우,Actor,1,['드라마']
남지우_Act_1,남지우,Actor,3,"['액션', '코미디', '범죄', '드라마', 'SF', '판타지']"
한기현_Act_1,한기현,Actor,1,['드라마']
이건록_Act_1,이건록,Actor,3,"['사극', '액션', '드라마']"
김대흥_Act_1,김대흥,Actor,1,['액션']
고은별_Act_1,고은별,Actor,1,['드라마']
서현민_Act_1,서현민,Actor,2,"['액션', '코미디', 'SF', '서부극(웨스턴)', '가족', '멜로/로맨스']"
이현걸_Act_1,이현걸,Actor,1,"['액션', 'SF', '판타지']"
신윤주_Act_1,신윤주,Actor,1,['드라마']
신두리_Act_1,신두리,Actor,1,"['액션', '코미디']"
길병민_Act_1,길병민,Actor,1,"['공연', '뮤지컬']"
안성진_Act_1,안성진,Actor,1,"['공포(호러)', '미스터리']"
설윤정_Act_1,설윤정,Actor,1,['드라마']
이하주_Act_1,이하주,Actor,1,"['액션', 'SF', '판타지']"
백진욱_Act_1,백진욱,Actor,1,['액션']
정영주_Act_1,정영주,Actor,1,['코미디']
신윤섭_Act_1,신윤섭,Actor,1,['공포(호러)']
디노_Act_1,디노,Actor,1,"['공연', '다큐멘터리']"
라호찬_Act_1,라호찬,Actor,1,"['드라마', '가족']"
장광_Act_1,장광,Actor,2,"['드라마', '코미디']"
박지수_Act_1,박지수,Actor,1,"['스릴러', '범죄']"
정아미_Act_1,정아미,Actor,1,['드라마']
정윤서_Act_1,정윤서,Actor,3,"['멜로/로맨스', '스릴러', '코미디', '범죄']"
홍성민_Act_1,홍성민,Actor,1,"['공포(호러)', '미스터리']"
서영화_Act_1,서영화,Actor,1,['드라마']
신재휘_Act_1,신재휘,Actor,1,['드라마']
백명재_Act_1,백명재,Actor,1,['드라마']
허재호_Act_1,허재호,Actor,1,"['사극', '액션']"
전여빈_Act_1,전여빈,Actor,2,"['액션', '코미디', '드라마', 'SF', '판타지']"
김재화_Act_1,김재화,Actor,6,"['액션', '코미디', '범죄', '드라마', '공포(호러)']"
이혜영_Act_1,이혜영,Actor,3,['드라마']
김홍파_Act_1,김홍파,Actor,3,"['드라마', '공포(호러)', '코미디']"
서수찬_Act_1,서수찬,Actor,2,"['드라마', '코미디']"
정우성_Act_1,정우성,Actor,2,"['드라마', '코미디']"
황지후_Act_1,황지후,Actor,1,"['공포(호러)', '미스터리']"
박수지_Act_1,박수지,Actor,1,['액션']
조미녀_Act_1,조미녀,Actor,1,"['액션', '코미디']"
고청휘_Act_1,고청휘,Actor,1,"['코미디', '멜로/로맨스']"
이상하_Act_1,이상하,Actor,1,"['액션', '범죄']"
김태율_Act_1,김태율,Actor,1,"['액션', '스릴러']"
이연빈_Act_1,이연빈,Actor,1,"['스릴러', '범죄']"
김민체_Act_1,김민체,Actor,2,"['드라마', '액션', '판타지', 'SF']"
김지희_Act_1,김지희,Actor,1,['드라마']
장윤주_Act_1,장윤주,Actor,2,"['드라마', '액션', '범죄']"
현리원_Act_1,현리원,Actor,1,['액션']
조한슬_Act_1,조한슬,Actor,1,['액션']
류관후_Act_1,류관후,Actor,1,"['액션', 'SF', '판타지']"
우정원_Act_1,우정원,Actor,1,"['액션', '범죄']"
권잎새_Act_1,권잎새,Actor,1,"['드라마', 'SF', '판타지', '가족', '멜로/로맨스']"
유인혁_Act_1,유인혁,Actor,2,"['액션', '드라마', '범죄']"
조윤희_Act_1,조윤희,Actor,4,['드라마']
유채은_Act_1,유채은,Actor,1,['드라마']
선우용녀_Act_1,선우용녀,Actor,1,"['액션', '스릴러', '범죄']"
조성현_Act_1,조성현,Actor,1,"['액션', '범죄']"
김향기_Act_1,김향기,Actor,2,"['액션', '드라마']"
김용훈_Act_1,김용훈,Actor,1,['액션']
김재영_Act_1,김재영,Actor,3,"['사극', '액션', '드라마']"
강정탁_Act_1,강정탁,Actor,1,['드라마']
이효제_Act_1,이효제,Actor,1,"['드라마', '스릴러']"
홍은진_Act_1,홍은진,Actor,1,['드라마']
박건우_Act_1,박건우,Actor,2,['드라마']
김필_Act_1,김필,Actor,2,"['드라마', '액션', '스릴러', '가족']"
최윤화_Act_1,최윤화,Actor,2,"['드라마', '액션', '코미디']"
박슬기_Act_1,박슬기,Actor,1,"['코미디', '멜로/로맨스']"
송영숙_Act_1,송영숙,Actor,1,"['공포(호러)', '멜로/로맨스']"
주인영_Act_1,주인영,Actor,1,"['드라마', '가족']"
전솔휘_Act_1,전솔휘,Actor,1,['액션']
박제하_Act_1,박제하,Actor,1,"['공포(호러)', '스릴러']"
오민석_Act_1,오민석,Actor,1,"['스릴러', '범죄']"
손이용_Act_1,손이용,Actor,2,"['액션', '코미디', 'SF', '서부극(웨스턴)', '가족', '멜로/로맨스']"
하성국_Act_1,하성국,Actor,4,['드라마']
송우림_Act_1,송우림,Actor,1,"['액션', '스릴러']"
최필상_Act_1,최필상,Actor,2,"['액션', '공포(호러)', '스릴러', '미스터리']"
신준철_Act_1,신준철,Actor,1,"['코미디', '멜로/로맨스']"
김명희_Act_1,김명희,Actor,1,['코미디']
하영진_Act_1,하영진,Actor,2,"['사극', '액션', '드라마']"
송광주_Act_1,송광주,Actor,1,"['사극', '액션']"
김승현_Act_1,김승현,Actor,1,"['액션', '범죄']"
이신영_Act_1,이신영,Actor,1,['드라마']
신동길_Act_1,신동길,Actor,1,"['공포(호러)', '스릴러']"
김홍모_Act_1,김홍모,Actor,1,['다큐멘터리']
류승수_Act_1,류승수,Actor,1,"['액션', '스릴러']"
김예림_Act_1,김예림,Actor,2,"['액션', '코미디', 'SF', '서부극(웨스턴)', '가족', '멜로/로맨스']"
김동완_Act_1,김동완,Actor,2,"['액션', '드라마', '스릴러', '범죄']"
기윤_Act_1,기윤,Actor,1,"['스릴러', '범죄']"
정수정_Act_1,정수정,Actor,1,"['드라마', '코미디']"
설유진_Act_1,설유진,Actor,1,"['드라마', '코미디']"
주예은_Act_1,주예은,Actor,1,"['액션', '범죄']"
김소령_Act_1,김소령,Actor,1,['드라마']
박재이_Act_1,박재이,Actor,2,"['액션', '드라마']"
장재호_Act_1,장재호,Actor,2,"['액션', '스릴러', '코미디']"
황진모_Act_1,황진모,Actor,1,['액션']
이은석_Act_1,이은석,Actor,1,"['드라마', '액션']"
이준서_Act_1,이준서,Actor,1,['드라마']
한동훈_Act_1,한동훈,Actor,1,"['액션', 'SF', '판타지']"
우강민_Act_1,우강민,Actor,2,"['액션', '범죄']"
박상효_Act_1,박상효,Actor,1,"['액션', '범죄']"
여성환_Act_1,여성환,Actor,1,"['액션', '범죄']"
채건희_Act_1,채건희,Actor,1,"['액션', '범죄']"
김희창_Act_1,김희창,Actor,1,['드라마']
김형기_Act_1,김형기,Actor,1,"['액션', '스릴러']"
박성인_Act_1,박성인,Actor,1,"['드라마', '액션']"
고서희_Act_1,고서희,Actor,1,"['드라마', '멜로/로맨스']"
조제웅_Act_1,조제웅,Actor,2,"['액션', '코미디']"
우명덕_Act_1,우명덕,Actor,2,['드라마']
고민지_Act_1,고민지,Actor,1,"['액션', '스릴러']"
정도원_Act_1,정도원,Actor,2,"['액션', '드라마']"
나철_Act_1,나철,Actor,1,['코미디']
임우철_Act_1,임우철,Actor,2,"['드라마', '코미디', '가족', '멜로/로맨스']"
최희진_Act_1,최희진,Actor,3,"['드라마', '가족']"
윤유선_Act_1,윤유선,Actor,2,"['액션', '드라마', 'SF', '판타지', '가족', '멜로/로맨스']"
이우룡_Act_1,이우룡,Actor,1,"['드라마', '액션']"
장재혁_Act_1,장재혁,Actor,1,"['공포(호러)', '스릴러']"
손지영_Act_1,손지영,Actor,1,"['액션', '범죄']"
오수민_Act_1,오수민,Actor,1,"['드라마', '액션']"
최정욱_Act_1,최정욱,Actor,1,"['액션', '드라마']"
지병현_Act_1,지병현,Actor,1,"['코미디', '멜로/로맨스']"
이원장_Act_1,이원장,Actor,1,"['스릴러', '범죄']"
이무생_Act_1,이무생,Actor,1,"['사극', '액션']"
손상경_Act_1,손상경,Actor,1,"['액션', '범죄']"
도윤섭_Act_1,도윤섭,Actor,1,['드라마']
정혜선_Act_1,정혜선,Actor,1,['드라마']
염동헌_Act_1,염동헌,Actor,1,['드라마']
김원경_Act_1,김원경,Actor,2,"['액션', '범죄']"
임재성_Act_1,임재성,Actor,1,"['액션', '스릴러']"
오윤수_Act_1,오윤수,Actor,2,"['액션', '스릴러', '범죄']"
이경태_Act_1,이경태,Actor,1,['코미디']
김원석_Act_1,김원석,Actor,1,"['공포(호러)', '미스터리']"
홍석연_Act_1,홍석연,Actor,1,['드라마']
박새담_Act_1,박새담,Actor,1,"['액션', '스릴러', '범죄']"
김민규_Act_1,김민규,Actor,2,"['액션', '범죄']"
버논_Act_1,버논,Actor,1,"['공연', '다큐멘터리']"
박창현_Act_1,박창현,Actor,1,"['공포(호러)', '멜로/로맨스']"
안도영_Act_1,안도영,Actor,1,"['스릴러', '범죄']"
화영진_Act_1,화영진,Actor,1,['코미디']
노행하_Act_1,노행하,Actor,1,['드라마']
신지우_Act_1,신지우,Actor,1,['멜로/로맨스']
성홍일_Act_1,성홍일,Actor,1,['드라마']
안소이_Act_1,안소이,Actor,1,['애니메이션']
조주경_Act_1,조주경,Actor,1,['드라마']
김용우_Act_1,김용우,Actor,1,['액션']
박영서_Act_1,박영서,Actor,1,"['액션', '스릴러']"
정구현_Act_1,정구현,Actor,1,['미스터리']
최정윤_Act_1,최정윤,Actor,1,['드라마']
이태린_Act_1,이태린,Actor,1,"['SF', '가족', '멜로/로맨스']"
정세인_Act_1,정세인,Actor,1,"['액션', '스릴러']"
고경표_Act_1,고경표,Actor,1,['코미디']
박웅선_Act_1,박웅선,Actor,1,"['사극', '액션']"
방병현_Act_1,방병현,Actor,4,"['액션', '드라마', '범죄']"
유재명_Act_1,유재명,Actor,1,"['액션', 'SF', '판타지']"
송경아_Act_1,송경아,Actor,1,['코미디']
정형석_Act_1,정형석,Actor,1,['드라마']
정지호_Act_1,정지호,Actor,1,['드라마']
권수진_Act_1,권수진,Actor,3,"['액션', '코미디', '드라마', 'SF', '서부극(웨스턴)', '가족', '멜로/로맨스']"
김현지_Act_1,김현지,Actor,1,"['코미디', '멜로/로맨스']"
김재용_Act_1,김재용,Actor,1,['코미디']
정우영_Act_1,정우영,Actor,1,"['코미디', '멜로/로맨스']"
정윤영_Act_1,정윤영,Actor,1,"['드라마', '가족']"
이동희_Act_1,이동희,Actor,2,"['사극', '액션', '판타지', 'SF']"
송영규_Act_1,송영규,Actor,1,"['액션', '코미디']"
박은우_Act_1,박은우,Actor,3,"['액션', '멜로/로맨스', '공포(호러)', '범죄']"
손성찬_Act_1,손성찬,Actor,1,"['드라마', '가족']"
홍예지_Act_1,홍예지,Actor,1,['드라마']
장수애_Act_1,장수애,Actor,1,['드라마']
김대교_Act_1,김대교,Actor,1,['액션']
박원상_Act_1,박원상,Actor,2,"['드라마', '가족']"
윤대열_Act_1,윤대열,Actor,5,"['드라마', '액션', '코미디', '멜로/로맨스']"
주이안_Act_1,주이안,Actor,1,"['액션', '범죄']"
석정현_Act_1,석정현,Actor,1,"['액션', '범죄']"
김귀례_Act_1,김귀례,Actor,1,['코미디']
차선우_Act_1,차선우,Actor,3,"['액션', '공포(호러)', '미스터리']"
유지완_Act_1,유지완,Actor,1,"['공포(호러)', '멜로/로맨스']"
이성순_Act_1,이성순,Actor,1,['드라마']
조순연_Act_1,조순연,Actor,1,"['액션', '드라마']"
윤현승_Act_1,윤현승,Actor,4,"['사극', '액션', '범죄', '스릴러', '드라마']"
현성미_Act_1,현성미,Actor,1,['다큐멘터리']
김선혁_Act_1,김선혁,Actor,2,"['액션', 'SF', '판타지']"
김동철_Act_1,김동철,Actor,1,['액션']
남민우_Act_1,남민우,Actor,1,"['공포(호러)', '스릴러']"
김정원_Act_1,김정원,Actor,1,"['드라마', '액션']"
최종원_Act_1,최종원,Actor,1,['액션']
최예찬_Act_1,최예찬,Actor,1,"['스릴러', '범죄']"
고해성_Act_1,고해성,Actor,1,"['사극', '액션']"
이범수_Act_1,이범수,Actor,1,"['액션', '범죄']"
배누리_Act_1,배누리,Actor,1,"['액션', '범죄']"
박지민_Act_1,박지민,Actor,1,['공연']
차건우_Act_1,차건우,Actor,1,['드라마']
황보라_Act_1,황보라,Actor,1,"['액션', '스릴러']"
정윤철_Act_1,정윤철,Actor,2,"['액션', '범죄']"
변진수_Act_1,변진수,Actor,2,"['드라마', '액션', '판타지', 'SF']"
장기하_Act_1,장기하,Actor,1,['액션']
조지승_Act_1,조지승,Actor,1,"['드라마', '코미디']"
권민경_Act_1,권민경,Actor,1,"['액션', '스릴러']"
이동용_Act_1,이동용,Actor,2,"['드라마', '액션', '판타지', 'SF']"
장성윤_Act_1,장성윤,Actor,1,"['코미디', '멜로/로맨스']"
하준_Act_1,하준,Actor,1,"['액션', '범죄']"
고나영_Act_1,고나영,Actor,1,"['액션', 'SF', '판타지']"
유사무엘_Act_1,유사무엘,Actor,1,"['액션', '스릴러', '범죄']"
서세명_Act_1,서세명,Actor,2,"['액션', '드라마']"
김미미_Act_1,김미미,Actor,1,"['드라마', '멜로/로맨스']"
김원기_Act_1,김원기,Actor,1,['멜로/로맨스']
박경모_Act_1,박경모,Actor,2,['액션']
유아름_Act_1,유아름,Actor,1,"['액션', '스릴러']"
추석영_Act_1,추석영,Actor,1,"['액션', '스릴러']"
박규남_Act_1,박규남,Actor,1,"['드라마', '멜로/로맨스']"
김준범_Act_1,김준범,Actor,1,['코미디']
정수용_Act_1,정수용,Actor,1,"['액션', '범죄']"
김문학_Act_1,김문학,Actor,1,"['드라마', '코미디']"
정수원_Act_1,정수원,Actor,2,"['액션', '범죄']"
김종은_Act_1,김종은,Actor,1,['드라마']
곽민호_Act_1,곽민호,Actor,2,"['액션', '드라마']"
양지웅_Act_1,양지웅,Actor,1,"['드라마', '멜로/로맨스']"
유민곤_Act_1,유민곤,Actor,1,"['드라마', '멜로/로맨스']"
강진아_Act_1,강진아,Actor,1,"['드라마', '가족', '멜로/로맨스']"
이예찬_Act_1,이예찬,Actor,1,"['액션', '범죄']"
박준혁_Act_1,박준혁,Actor,1,"['액션', '범죄']"
정우람_Act_1,정우람,Actor,1,"['액션', '범죄']"
박성균_Act_1,박성균,Actor,1,['드라마']
이상원_Act_1,이상원,Actor,3,"['액션', '드라마', '스릴러', '범죄']"
장루이_Act_1,장루이,Actor,1,"['사극', '액션']"
임호_Act_1,임호,Actor,1,['드라마']
안제현_Act_1,안제현,Actor,1,"['드라마', '멜로/로맨스']"
정진우_Act_1,정진우,Actor,3,"['액션', '미스터리', '코미디']"
강보라_Act_1,강보라,Actor,2,"['액션', '드라마']"
한태경_Act_1,한태경,Actor,1,['멜로/로맨스']
강태우_Act_1,강태우,Actor,1,"['사극', '액션']"
서성종_Act_1,서성종,Actor,1,"['액션', '스릴러']"
신준호_Act_1,신준호,Actor,1,"['드라마', '액션']"
장현성_Act_1,장현성,Actor,3,"['드라마', '다큐멘터리', '코미디', '멜로/로맨스']"
박태산_Act_1,박태산,Actor,2,"['액션', '범죄']"
최윤빈_Act_1,최윤빈,Actor,2,"['액션', '드라마', '스릴러']"
김광규_Act_1,김광규,Actor,1,"['액션', '코미디']"
현직_Act_1,현직,Actor,2,"['액션', '드라마']"
한정희_Act_1,한정희,Actor,1,['액션']
설향_Act_1,설향,Actor,1,['드라마']
이상엽_Act_1,이상엽,Actor,1,['액션']
김현승_Act_1,김현승,Actor,2,"['액션', '드라마']"
김현우_Act_1,김현우,Actor,2,"['액션', '드라마']"
나수윤_Act_1,나수윤,Actor,1,['코미디']
한경석_Act_1,한경석,Actor,1,"['액션', '범죄']"
유시민_Act_1,유시민,Actor,2,['다큐멘터리']
호시_Act_1,호시,Actor,1,"['공연', '다큐멘터리']"
고훈_Act_1,고훈,Actor,1,"['액션', '범죄']"
이나라_Act_1,이나라,Actor,1,['드라마']
권혁천_Act_1,권혁천,Actor,1,"['액션', '코미디']"
박노아_Act_1,박노아,Actor,1,"['공포(호러)', '미스터리']"
김용학_Act_1,김용학,Actor,1,"['액션', '범죄']"
최지수_Act_1,최지수,Actor,1,['드라마']
김정인_Act_1,김정인,Actor,1,['드라마']
남기애_Act_1,남기애,Actor,1,['드라마']
이소은_Act_1,이소은,Actor,1,['애니메이션']
전서윤_Act_1,전서윤,Actor,1,['다큐멘터리']
박태현_Act_1,박태현,Actor,5,"['액션', '범죄', '드라마', '공포(호러)', '판타지']"
박병우_Act_1,박병우,Actor,1,"['코미디', '멜로/로맨스']"
김동영_Act_1,김동영,Actor,1,"['드라마', '코미디']"
남상우_Act_1,남상우,Actor,3,"['사극', '액션', '드라마']"
정재영_Act_1,정재영,Actor,1,"['사극', '액션']"
조윤담_Act_1,조윤담,Actor,2,"['드라마', '코미디']"
홍승현_Act_1,홍승현,Actor,1,"['드라마', '액션']"
정광우_Act_1,정광우,Actor,2,"['액션', '코미디', 'SF', '서부극(웨스턴)', '가족', '멜로/로맨스']"
한철우_Act_1,한철우,Actor,3,"['액션', '드라마', '공포(호러)', '미스터리']"
정호석_Act_1,정호석,Actor,1,['공연']
정대경_Act_1,정대경,Actor,2,"['사극', '액션', '드라마']"
양지호_Act_1,양지호,Actor,2,"['액션', '스릴러', '범죄']"
정형기_Act_1,정형기,Actor,1,"['액션', '범죄']"
노준표_Act_1,노준표,Actor,1,['공포(호러)']
김윤석_Act_1,김윤석,Actor,2,"['사극', '액션', '드라마']"
최병모_Act_1,최병모,Actor,1,['드라마']
정수진_Act_1,정수진,Actor,1,"['액션', '서부극(웨스턴)', '코미디']"
이정현_Act_1,이정현,Actor,1,"['스릴러', '범죄']"
우미화_Act_1,우미화,Actor,1,['드라마']
최지명_Act_1,최지명,Actor,1,['코미디']
고인범_Act_1,고인범,Actor,1,"['액션', '스릴러', '범죄']"
한희택_Act_1,한희택,Actor,1,"['공포(호러)', '미스터리']"
전원표_Act_1,전원표,Actor,1,"['액션', 'SF', '판타지']"
이상이_Act_1,이상이,Actor,1,"['코미디', '멜로/로맨스']"
신현숙_Act_1,신현숙,Actor,1,"['드라마', '판타지', '멜로/로맨스']"
민정은_Act_1,민정은,Actor,1,"['액션', 'SF', '판타지']"
이교형_Act_1,이교형,Actor,1,"['액션', '서부극(웨스턴)', '코미디']"
남보라_Act_1,남보라,Actor,1,['드라마']
강병욱_Act_1,강병욱,Actor,2,"['액션', '드라마']"
김동운_Act_1,김동운,Actor,1,['액션']
최돈학_Act_1,최돈학,Actor,4,"['액션', '드라마', '스릴러', '사극']"
형원_Act_1,형원,Actor,1,['다큐멘터리']
유건기_Act_1,유건기,Actor,2,"['액션', '드라마']"
정라엘_Act_1,정라엘,Actor,1,['액션']
아이엠_Act_1,아이엠,Actor,1,['다큐멘터리']
함상혁_Act_1,함상혁,Actor,1,"['스릴러', '범죄']"
김인서_Act_1,김인서,Actor,1,"['공포(호러)', '스릴러', '미스터리']"
전종서_Act_1,전종서,Actor,2,"['기타', '스릴러']"
임연희_Act_1,임연희,Actor,1,['드라마']
유인혜_Act_1,유인혜,Actor,1,['드라마']
지한아_Act_1,지한아,Actor,1,"['액션', 'SF', '판타지']"
이지규_Act_1,이지규,Actor,2,"['액션', '코미디', 'SF', '서부극(웨스턴)', '가족', '멜로/로맨스']"
나현준_Act_1,나현준,Actor,2,['드라마']
임철수_Act_1,임철수,Actor,1,"['액션', '스릴러']"
오주환_Act_1,오주환,Actor,2,"['드라마', '액션', '스릴러']"
유채련_Act_1,유채련,Actor,1,"['공포(호러)', '미스터리']"
정혜정_Act_1,정혜정,Actor,2,"['공포(호러)', '미스터리']"
최광제_Act_1,최광제,Actor,3,"['사극', '액션', '범죄', 'SF', '판타지']"
디에잇_Act_1,디에잇,Actor,1,"['공연', '다큐멘터리']"
정예은영_Act_1,정예은영,Actor,1,"['드라마', '가족']"
정선우_Act_1,정선우,Actor,1,"['전쟁', '드라마']"
김혜수_Act_1,김혜수,Actor,1,['액션']
오태경_Act_1,오태경,Actor,2,"['드라마', '공포(호러)', '미스터리', '멜로/로맨스']"
류혜린_Act_1,류혜린,Actor,1,"['코미디', '멜로/로맨스']"
최현도_Act_1,최현도,Actor,2,"['액션', '스릴러', '범죄']"
고규필_Act_1,고규필,Actor,2,"['액션', '공포(호러)', '미스터리', '범죄']"
신삼봉_Act_1,신삼봉,Actor,1,['액션']
홍범기_Act_1,홍범기,Actor,2,['애니메이션']
황인성_Act_1,황인성,Actor,1,"['드라마', '액션']"
김형석_Act_1,김형석,Actor,3,"['사극', '액션', '드라마']"
서영진_Act_1,서영진,Actor,1,"['액션', '범죄']"
고유준_Act_1,고유준,Actor,1,"['액션', 'SF', '판타지']"
소계원_Act_1,소계원,Actor,3,"['공포(호러)', '스릴러', '미스터리', '코미디']"
정동룡_Act_1,정동룡,Actor,1,"['액션', '범죄']"
연두홍_Act_1,연두홍,Actor,1,['드라마']
고용석_Act_1,고용석,Actor,1,['액션']
김희_Act_1,김희,Actor,1,"['액션', '범죄']"
정주영_Act_1,정주영,Actor,1,"['액션', '코미디']"
조한선_Act_1,조한선,Actor,1,"['액션', '스릴러', '범죄']"
김미승_Act_1,김미승,Actor,1,"['공포(호러)', '판타지']"
박단비_Act_1,박단비,Actor,2,"['드라마', '코미디']"
신형근_Act_1,신형근,Actor,1,"['사극', '액션']"
김혜준_Act_1,김혜준,Actor,1,['코미디']
이운산_Act_1,이운산,Actor,2,"['액션', '드라마']"
송강호_Act_1,송강호,Actor,2,"['드라마', '코미디']"
